url,book_id,title,award_count,author,avg_rating,num_reviews,num_ratings,num_pages,original_publish_year,series,genres,awards,place
https://www.goodreads.com/book/show/976.Deception_Point,976,Deception Point,,Dan Brown,3.73,610195.0,610195.0,556.0,2001.0,False,"Fiction, Thriller, Mystery, Suspense, Thriller, Mystery Thriller, Mystery, Crime, Adventure, Novels, Science Fiction, Action",0,"Arctic Circle, Washington, D.C., Milne Ice Shelf"
https://www.goodreads.com/book/show/54539.Silas_Marner,54539,Silas Marner,,George Eliot,3.65,77789.0,77789.0,262.0,1861.0,False,"Classics, Fiction, Literature, Historical, Historical Fiction, Literature, 19th Century, European Literature, British Literature, Historical, Victorian, Novels, Classics, Classic Literature, Academic, School",0,United Kingdom
https://www.goodreads.com/book/show/5096.Wizard_and_Glass,5096,Wizard and Glass,,Stephen King,4.23,174798.0,174798.0,845.0,1997.0,True,"Fantasy, Fiction, Horror, Science Fiction, Westerns, Adventure, Audiobook, Science Fiction Fantasy, Apocalyptic, Post Apocalyptic, Novels",0,
https://www.goodreads.com/book/show/5056084-wings,5056084,Wings,1.0,Aprilynne Pike,3.75,77987.0,77987.0,290.0,,True,"Fantasy, Young Adult, Romance, Fantasy, Paranormal, Paranormal, Fairies, Fairies, Fae, Fiction, Fantasy, Magic, Fantasy, Urban Fantasy, Romance, Paranormal Romance",Romantic Times Reviewers' Choice Award (RT Award) Nominee for Best Young Adult Paranormal/Fantasy Novel (2009),"Crescent City, California"
https://www.goodreads.com/book/show/2122.The_Fountainhead,2122,The Fountainhead,,Ayn Rand,3.87,302663.0,302663.0,704.0,1943.0,False,"Fiction, Classics, Philosophy, Literature, Novels, Politics, Architecture, Literary Fiction, Literature, American, Classics, Classic Literature",0,"New York City, New York"
https://www.goodreads.com/book/show/13047090-onyx,13047090,Onyx,1.0,Jennifer L. Armentrout,4.26,156745.0,156745.0,421.0,,True,"Young Adult, Fantasy, Paranormal, Romance, Fantasy, Science Fiction, Aliens, Science Fiction, Romance, Paranormal Romance, Fantasy, Supernatural, Fantasy, Urban Fantasy, Fiction",Goodreads Choice Award Nominee for Young Adult Fantasy & Science Fiction and for Goodreads Author (2012),West Virginia
https://www.goodreads.com/book/show/395871.The_Awakening_The_Struggle,395871,The Awakening / The Struggle,,L.J. Smith,3.68,84930.0,84930.0,492.0,1991.0,True,"Young Adult, Paranormal, Vampires, Fantasy, Fantasy, Paranormal, Romance, Fantasy, Supernatural, Fiction, Romance, Paranormal Romance, Fantasy, Urban Fantasy, Young Adult, Teen",0,Fell's Church
https://www.goodreads.com/book/show/30659.Meditations,30659,Meditations,,Marcus Aurelius,4.22,140975.0,140975.0,303.0,,False,"Philosophy, Nonfiction, Classics, History, Self Help, Psychology, Self Help, Personal Development, Spirituality, Leadership, Literature",0,Roman Empire
https://www.goodreads.com/book/show/84136.Fantasy_Lover,84136,Fantasy Lover,4.0,Sherrilyn Kenyon,4.15,86817.0,86817.0,337.0,2002.0,True,"Romance, Romance, Paranormal Romance, Fantasy, Paranormal, Fantasy, Fantasy, Urban Fantasy, Adult, Fantasy, Mythology, Paranormal, Vampires, Fiction, Fantasy, Supernatural","HOLT Medallion by Virginia Romance Writers Nominee for Paranormal/Time Travel/Futuristic (2003), PRISM Award by Fantasy, Futuristic and Paranormal Special Interest Chapter of RWA for Fantasy (2003), Favorite Books by Romance Writers of America Nominee for Favorite Books of 2002 (2003)","New Orleans, Louisiana"
https://www.goodreads.com/book/show/111332.Into_the_Wild,111332,Into the Wild,,Erin Hunter,4.3,79195.0,79195.0,288.0,2003.0,True,"Fantasy, Animals, Fiction, Young Adult, Childrens, Middle Grade, Adventure, Childrens, Animals, Cats, Childrens, Juvenile, Animals, Animal Fiction",0,"The Forest, Fourtrees"
https://www.goodreads.com/book/show/10979.Light_in_August,10979,Light in August,,William Faulkner,3.92,57929.0,57929.0,507.0,1932.0,False,"Fiction, Classics, Literature, Novels, Literature, American, American, Southern, Gothic, Southern Gothic, Literary Fiction, Literature, 20th Century, Classics, Classic Literature",0,"Yoknapatawpha County, Mississippi"
https://www.goodreads.com/book/show/6192.Disgrace,6192,Disgrace,5.0,J.M. Coetzee,3.84,91571.0,91571.0,220.0,1999.0,False,"Fiction, Cultural, Africa, Southern Africa, South Africa, Literature, Novels, Contemporary, Classics, Literary Fiction, Nobel Prize, Literature, 20th Century","Booker Prize (1999), National Book Critics Circle Award Nominee for Fiction (1999), Commonwealth Writers' Prize for Best Book Overall (2000), The Best of the Booker Nominee (2008), International Dublin Literary Award Nominee (2001)","South Africa, Cape Town"
https://www.goodreads.com/book/show/68429.The_Well_of_Ascension,68429,The Well of Ascension,,Brandon Sanderson,4.35,308915.0,308915.0,590.0,,True,"Fantasy, Fiction, Fantasy, Epic Fantasy, Fantasy, High Fantasy, Adult, Fantasy, Magic, Audiobook, Science Fiction Fantasy, Young Adult, Adventure",0,
https://www.goodreads.com/book/show/13262783-every-day,13262783,Every Day,12.0,David Levithan,3.93,203777.0,203777.0,322.0,,True,"Young Adult, Romance, Fantasy, Contemporary, Fiction, LGBT, Fantasy, Paranormal, Magical Realism, Young Adult, Teen, Science Fiction","Locus Award Nominee for Best Young Adult Book (2013), Pennsylvania Young Readers' Choice Award Nominee for Young Adults (2014), Rhode Island Teen Book Award Nominee (2014), Deutscher Jugendliteraturpreis for Preis der Jugendjury (2015), The Inky Awards Nominee for Silver Inky (2013), Lincoln Award Nominee (2014), Andre Norton Award Nominee (2012), NAIBA Book of the Year for Young Adult (2013), CYBILS Award Nominee for Fantasy & Science Fiction (Young Adult) (2012), Green Mountain Book Award Nominee (2015), Missouri Gateway Readers Award Nominee (2015), Premio El Templo de las Mil Puertas Nominee for Mejor novela extranjera independiente (2012)","Maryland, United States of America"
https://www.goodreads.com/book/show/5094.The_Drawing_of_the_Three,5094,The Drawing of the Three,,Stephen King,4.21,226988.0,226988.0,463.0,1987.0,True,"Fantasy, Fiction, Horror, Science Fiction, Adventure, Westerns, Audiobook, Science Fiction Fantasy, Thriller, Novels",0,
https://www.goodreads.com/book/show/732562.The_Rime_of_the_Ancient_Mariner,732562,The Rime of the Ancient Mariner,1.0,Samuel Taylor Coleridge,3.94,56613.0,56613.0,77.0,1798.0,False,"Poetry, Classics, Fiction, Literature, Fantasy, Academic, School, Literature, 18th Century, Gothic, European Literature, British Literature, Medievalism, Romanticism","награда ""Пловдив"" for Художествен превод (2011)",
https://www.goodreads.com/book/show/51893.Thus_Spoke_Zarathustra,51893,Thus Spoke Zarathustra,,Friedrich Nietzsche,4.05,117841.0,117841.0,327.0,1883.0,False,"Philosophy, Classics, Nonfiction, European Literature, German Literature, Literature, Religion, Literature, 19th Century, Unfinished, Psychology, Poetry",0,
https://www.goodreads.com/book/show/527756.The_Man_Without_Qualities,527756,The Man Without Qualities,2.0,Robert Musil,4.22,5850.0,5850.0,1774.0,1930.0,True,"Fiction, Classics, Philosophy, Literature, European Literature, German Literature, Novels, Historical, Historical Fiction, Literature, 20th Century, Cultural, Germany, Literary Fiction","Prix du Meilleur Livre Étranger for Novel (1958), Национална награда „Христо Г. Данов“ for Преводна художествена литература (2009)","Vienna, Austro-Hungarian Empire"
https://www.goodreads.com/book/show/414999.Childhood_s_End,414999,Childhood's End,1.0,Arthur C. Clarke,4.1,136923.0,136923.0,224.0,1953.0,False,"Science Fiction, Fiction, Classics, Science Fiction Fantasy, Science Fiction, Dystopia, Science Fiction, Aliens, Fantasy, Novels, Audiobook, Speculative Fiction",Retro Hugo Award Nominee for Best Novel (2004),
https://www.goodreads.com/book/show/7996.Redwall,7996,Redwall,1.0,Brian Jacques,4.1,109655.0,109655.0,352.0,1986.0,True,"Fantasy, Fiction, Young Adult, Childrens, Animals, Adventure, Childrens, Middle Grade, Classics, Science Fiction Fantasy, Audiobook",West Australian Young Readers' Book Award (WAYRBA) for Older Readers (1990),
https://www.goodreads.com/book/show/99944.The_Bhagavad_Gita,99944,The Bhagavad Gita,,Krishna-Dwaipayana Vyasa,4.14,56681.0,56681.0,160.0,-400.0,False,"Religion, Philosophy, Classics, Spirituality, Poetry, Nonfiction, Cultural, India, Religion, Hinduism, Fantasy, Mythology, History",0,India
https://www.goodreads.com/book/show/348225.These_Is_My_Words,348225,"These Is My Words: The Diary of Sarah Agnes Prine, 1881-1901, Arizona Territories",,Nancy E. Turner,4.34,67584.0,67584.0,384.0,1998.0,True,"Historical, Historical Fiction, Fiction, Historical, Romance, Westerns, Book Club, Adult Fiction, Adult, Adventure, Audiobook",0,Arizona Territory
https://www.goodreads.com/book/show/31196.The_Razor_s_Edge,31196,The Razor's Edge,,W. Somerset Maugham,4.19,37877.0,37877.0,314.0,1944.0,False,"Fiction, Classics, Literature, Novels, Philosophy, European Literature, British Literature, Literary Fiction, Historical, Historical Fiction, Literature, 20th Century, Cultural, France",0,"Paris, Chicago, Illinois, France, French Riviera, United States of America"
https://www.goodreads.com/book/show/479415.The_Horse_Whisperer,479415,The Horse Whisperer,,Nicholas Evans,3.82,52423.0,52423.0,451.0,1995.0,False,"Fiction, Romance, Animals, Animals, Horses, Contemporary, Drama, Adult, Adult Fiction, Womens Fiction, Chick Lit, Classics",0,"United States of America, Montana"
https://www.goodreads.com/book/show/29999.The_Maltese_Falcon,29999,The Maltese Falcon,3.0,Dashiell Hammett,3.9,94650.0,94650.0,213.0,1929.0,False,"Mystery, Fiction, Classics, Mystery, Crime, Mystery, Noir, Thriller, Mystery, Detective, Thriller, Mystery Thriller, Novels, Audiobook","Anthony Award Nominee for Best Novel of the Century (2000), Audie Award for Audiobook Adaptation (2010), Grammy Award Nominee for Best Spoken Word Album (2010)","San Francisco, California, California"
https://www.goodreads.com/book/show/60400.The_Ruins_of_Gorlan,60400,The Ruins of Gorlan,1.0,John Flanagan,4.21,131294.0,131294.0,249.0,2004.0,True,"Fantasy, Young Adult, Adventure, Fiction, Childrens, Middle Grade, Childrens, Young Adult, Young Adult Fantasy, Young Adult, Teen, Action, Fantasy, High Fantasy",Rebecca Caudill Young Readers' Book Award Nominee (2008),"Araluen, Redmont"
https://www.goodreads.com/book/show/12926063-skagboys,12926063,Skagboys,,Irvine Welsh,3.93,19665.0,19665.0,548.0,,True,"Fiction, Thriller, Mystery, Suspense, Contemporary, Drama, Dark, Novels, Mystery, Crime, Epic",0,"Edinburgh, Scotland"
https://www.goodreads.com/book/show/40603730-safe-haven,40603730,Safe Haven,1.0,Nicholas Sparks,4.21,344602.0,344602.0,353.0,2010.0,False,"Romance, Fiction, Womens Fiction, Chick Lit, Contemporary, Adult, Adult Fiction, Romance, Contemporary Romance, Drama, Love, Audiobook",Goodreads Choice Award Nominee for Romance (2010),"Southport, North Carolina"
https://www.goodreads.com/book/show/5664985-along-for-the-ride,5664985,Along for the Ride,4.0,Sarah Dessen,4.05,189688.0,189688.0,383.0,,False,"Young Adult, Romance, Contemporary, Fiction, Womens Fiction, Chick Lit, Realistic Fiction, Young Adult, Teen, Young Adult, Young Adult Contemporary, Young Adult, Young Adult Romance, Young Adult, Coming Of Age","Milwaukee County Teen Book Award Nominee (2010), Teen Read Award Nominee for Best Read (2010), Goodreads Choice Award for Young Adult Fiction (2009), Margaret A. Edwards Award (2017)","Colby, North Carolina"
https://www.goodreads.com/book/show/24192.The_Runaway_Jury,24192,The Runaway Jury,,John Grisham,3.99,281469.0,281469.0,464.0,1996.0,False,"Fiction, Thriller, Mystery, Mystery, Crime, Suspense, Thriller, Legal Thriller, Drama, Thriller, Mystery Thriller, Novels, Adult Fiction",0,"United States of America, Biloxi, Mississippi"
https://www.goodreads.com/book/show/773951.The_Story_of_Ferdinand,773951,The Story of Ferdinand,1.0,Munro Leaf,4.35,87600.0,87600.0,72.0,,False,"Childrens, Picture Books, Childrens, Classics, Fiction, Animals, Cultural, Spain, Kids, Childrens, Juvenile, Young Adult, Humor",Indies Choice Book Award for Picture Book Hall of Fame (2010),"Spain, Madrid"
https://www.goodreads.com/book/show/469571.All_the_Pretty_Horses,469571,All the Pretty Horses,2.0,Cormac McCarthy,4.0,96879.0,96879.0,302.0,1992.0,True,"Fiction, Westerns, Historical, Historical Fiction, Classics, Literature, Novels, Literary Fiction, Literature, American, Contemporary, Adventure","National Book Award for Fiction (1992), National Book Critics Circle Award for Fiction (1992)","Texas, Mexico"
https://www.goodreads.com/book/show/19405702-walks-away-woman,19405702,Walks Away Woman,,Ki Longfellow,4.38,1107.0,1107.0,254.0,2013.0,False,"Adventure, Survival, Adventure, Fiction, Thriller, Literature, Novels, Humor, Womens, Environment, Nature, Action",0,
https://www.goodreads.com/book/show/216363.The_Man_in_the_High_Castle,216363,The Man in the High Castle,2.0,Philip K. Dick,3.62,184090.0,184090.0,259.0,1962.0,False,"Science Fiction, Fiction, Science Fiction, Alternate History, Science Fiction, Dystopia, Classics, Historical, Historical Fiction, Fantasy, Science Fiction Fantasy, Novels, Speculative Fiction","Hugo Award for Best Novel (1963), Tähtivaeltaja Award (1993)","San Francisco, California, California"
https://www.goodreads.com/book/show/5287473-hex-hall,5287473,Hex Hall,,Rachel Hawkins,3.92,140225.0,140225.0,323.0,,True,"Young Adult, Fantasy, Fantasy, Paranormal, Fantasy, Magic, Romance, Paranormal, Vampires, Paranormal, Witches, Fantasy, Supernatural, Fantasy, Urban Fantasy, Paranormal, Demons",0,"Georgia, Vermont"
https://www.goodreads.com/book/show/9284655-tiger-s-curse,9284655,Tiger's Curse,3.0,Colleen Houck,4.06,58544.0,58544.0,403.0,,True,"Fantasy, Young Adult, Romance, Fantasy, Paranormal, Fantasy, Mythology, Fantasy, Magic, Adventure, Fiction, Fantasy, Urban Fantasy, Young Adult, Young Adult Fantasy","Romantic Times Reviewers' Choice Award (RT Award) Nominee for Best Young Adult Protagonist Novel (2011), Soaring Eagle Book Award (2013), Next Generation Indie Book Awards Nominee for Young Adult Fiction (2010)",
https://www.goodreads.com/book/show/40881903-unparalleled,40881903,Unparalleled,,D.S.   Smith,4.27,12292.0,12292.0,287.0,,False,"Fiction, Contemporary, Novels, Drama, Epic, Suspense, Science Fiction",0,
https://www.goodreads.com/book/show/7488244-unearthly,7488244,Unearthly,1.0,Cynthia Hand,4.01,125332.0,125332.0,435.0,,True,"Young Adult, Fantasy, Paranormal, Angels, Fantasy, Paranormal, Romance, Romance, Paranormal Romance, Fantasy, Supernatural, Fantasy, Urban Fantasy, Fiction, Young Adult, Young Adult Fantasy",Goodreads Choice Award Nominee for Young Adult Fantasy & Science Fiction (2011),"Mountain View, California, Jackson Hole, Wyoming"
https://www.goodreads.com/book/show/22055262-a-darker-shade-of-magic,22055262,A Darker Shade of Magic,3.0,V.E. Schwab,4.06,226901.0,226901.0,400.0,,True,"Fantasy, Young Adult, Fiction, Fantasy, Magic, Adult, Audiobook, Adventure, Historical, Historical Fiction, Fantasy, Urban Fantasy, Young Adult, Young Adult Fantasy","Grand Prix de l'Imaginaire Nominee for Roman jeunesse étranger (2019), Tähtifantasia Award Nominee (2020), Goodreads Choice Award Nominee for Fantasy (2015)","London, England"
https://www.goodreads.com/book/show/15925.The_Guardian,15925,The Guardian,,Nicholas Sparks,4.15,164203.0,164203.0,400.0,2003.0,False,"Romance, Fiction, Womens Fiction, Chick Lit, Contemporary, Adult, Adult Fiction, Romance, Contemporary Romance, Mystery, Drama, Thriller",0,"Swansboro, North Carolina"
https://www.goodreads.com/book/show/28251250-white-noise,28251250,White Noise,2.0,Don DeLillo,3.87,89574.0,89574.0,320.0,1985.0,False,"Fiction, Classics, Literature, Novels, Literature, American, Literary Fiction, Contemporary, Literature, 20th Century, Science Fiction, Academic, School","National Book Award for Fiction (1985), National Book Critics Circle Award Nominee for Fiction (1985)",
https://www.goodreads.com/book/show/18243700-the-assassin-s-blade,18243700,The Assassin's Blade,,Sarah J. Maas,4.37,158712.0,158712.0,448.0,,True,"Fantasy, Young Adult, Romance, Young Adult, Young Adult Fantasy, Fiction, Short Stories, Fantasy, High Fantasy, Novella, Adventure, New Adult",0,"Erilea, Rifthold, Adarlan, Skull's Bay, Red Desert, Innish"
https://www.goodreads.com/book/show/29797.The_Pilgrim_s_Progress,29797,The Pilgrim's Progress,,John Bunyan,4.0,114523.0,114523.0,324.0,1678.0,True,"Classics, Fiction, Christian, Religion, Christian Fiction, Religion, Christianity, Religion, Theology, Literature, Fantasy, Religion, Faith",0,"Destruction City, Celestial City, Slough of Despond, Mount Sinai, Valley of the Shadow of Death, Valley of Humiliation"
https://www.goodreads.com/book/show/10222.The_Far_Pavilions,10222,The Far Pavilions,,M.M. Kaye,4.21,40550.0,40550.0,958.0,1978.0,False,"Historical, Historical Fiction, Fiction, Cultural, India, Romance, Historical, Classics, Adventure, Romance, Historical Romance, Cultural, Asia, Literature, 19th Century",0,India
https://www.goodreads.com/book/show/13651.The_Dispossessed,13651,The Dispossessed,8.0,Ursula K. Le Guin,4.2,94708.0,94708.0,387.0,1974.0,True,"Science Fiction, Fiction, Fantasy, Science Fiction, Dystopia, Science Fiction Fantasy, Classics, Speculative Fiction, Politics, Philosophy, Novels","Hugo Award for Best Novel (1975), Nebula Award for Best Novel (1974), Prometheus Hall of Fame Award (1993), Locus Award for Best Novel (1975), Jupiter Award for Best Novel (1975), John W. Campbell Memorial Award Nominee for Best Science Fiction Novel (1975), Ditmar Award Nominee for Best International Long Fiction (1975), Premi Ictineu for Millor novel·la traduïda (2019)",
https://www.goodreads.com/book/show/30264.Dead_Witch_Walking,30264,Dead Witch Walking,,Kim Harrison,4.02,115553.0,115553.0,416.0,2004.0,True,"Fantasy, Urban Fantasy, Fantasy, Fantasy, Paranormal, Paranormal, Vampires, Paranormal, Witches, Fantasy, Magic, Fiction, Fantasy, Supernatural, Romance, Paranormal Romance, Romance",0,"Cincinnati, Ohio"
https://www.goodreads.com/book/show/45195.A_Passage_to_India,45195,A Passage to India,2.0,E.M. Forster,3.68,72743.0,72743.0,376.0,1924.0,False,"Classics, Fiction, Cultural, India, Historical, Historical Fiction, Literature, Novels, European Literature, British Literature, Literature, 20th Century, Historical, Classics, Classic Literature","James Tait Black Memorial Prize for Fiction (1924), Femina - Vie Heureuse Prize (1925)","Chandrapore , India"
https://www.goodreads.com/book/show/7494.Suzanne_s_Diary_for_Nicholas,7494,Suzanne's Diary for Nicholas,,James Patterson,4.16,142778.0,142778.0,289.0,2001.0,False,"Romance, Fiction, Womens Fiction, Chick Lit, Contemporary, Adult, Adult Fiction, Mystery, Drama, Love, Romance, Contemporary Romance",0,"Martha's Vineyard, Massachusetts"
https://www.goodreads.com/book/show/3463.A_Bend_in_the_Road,3463,A Bend in the Road,,Nicholas Sparks,4.03,139780.0,139780.0,341.0,2001.0,False,"Romance, Fiction, Womens Fiction, Chick Lit, Contemporary, Adult, Adult Fiction, Romance, Contemporary Romance, Mystery, Drama, Love",0,"New Bern, North Carolina"
https://www.goodreads.com/book/show/102868.A_Study_in_Scarlet,102868,A Study in Scarlet,,Arthur Conan Doyle,4.15,347540.0,347540.0,123.0,1887.0,True,"Classics, Mystery, Fiction, Mystery, Crime, Mystery, Detective, Thriller, Mystery Thriller, Audiobook, Historical, Historical Fiction, Literature, 19th Century, Thriller",0,"London, England, Utah"
https://www.goodreads.com/book/show/1430.Eleven_Minutes,1430,Eleven Minutes,,Paulo Coelho,3.7,153888.0,153888.0,273.0,,False,"Fiction, Romance, Novels, Contemporary, Philosophy, Literature, Adult, Cultural, Brazil, Drama, Spirituality",0,"Geneva, Brazil, Rio de Janeiro, Rue de Berne, Geneva,, Paris"
https://www.goodreads.com/book/show/37793.A_Doll_s_House,37793,A Doll's House,,Henrik Ibsen,3.74,111074.0,111074.0,122.0,1879.0,False,"Plays, Classics, Drama, Fiction, Academic, School, Plays, Theatre, Feminism, Academic, Read For School, Literature, Literature, 19th Century",0,Norway
https://www.goodreads.com/book/show/3570231-at-grave-s-end,3570231,At Grave's End,,Jeaniene Frost,4.29,84124.0,84124.0,342.0,2008.0,True,"Paranormal, Vampires, Fantasy, Paranormal, Fantasy, Urban Fantasy, Romance, Paranormal Romance, Romance, Fantasy, Adult, Fantasy, Supernatural, Fiction, Fantasy, Magic",0,"Richmond, Virginia, British Columbia, Tennessee, South Dakota"
https://www.goodreads.com/book/show/872333.Blue_Bloods,872333,Blue Bloods,,Melissa de la Cruz,3.69,136583.0,136583.0,302.0,2006.0,True,"Young Adult, Paranormal, Vampires, Fantasy, Fantasy, Paranormal, Romance, Fantasy, Urban Fantasy, Fantasy, Supernatural, Fiction, Romance, Paranormal Romance, Paranormal, Angels",0,"Manhattan, New York City, New York"
https://www.goodreads.com/book/show/89724.We_Have_Always_Lived_in_the_Castle,89724,We Have Always Lived in the Castle,1.0,Shirley Jackson,3.98,129389.0,129389.0,146.0,1962.0,False,"Horror, Fiction, Classics, Gothic, Mystery, Audiobook, Thriller, Adult, Novels, Thriller, Mystery Thriller",Tähtifantasia Award Nominee (2019),"New England, Vermont"
https://www.goodreads.com/book/show/5139.The_Devil_Wears_Prada,5139,The Devil Wears Prada,,Lauren Weisberger,3.76,802037.0,802037.0,432.0,2003.0,True,"Womens Fiction, Chick Lit, Fiction, Contemporary, Romance, Adult, Humor, Adult Fiction, Couture, Fashion, Novels, Realistic Fiction",0,"New York City, New York"
https://www.goodreads.com/book/show/53450218-the-past,53450218,The Past,,Kenneth   Thomas,4.3,6550.0,6550.0,195.0,,True,"Science Fiction, Time Travel, Science Fiction, Science Fiction, Dystopia, Fiction, Historical, Historical Fiction, Science Fiction, Cyberpunk, Action, European Literature, British Literature, Young Adult, Fantasy",0,
https://www.goodreads.com/book/show/12985.The_Tempest,12985,The Tempest,,William Shakespeare,3.81,179240.0,179240.0,218.0,1611.0,False,"Classics, Plays, Drama, Fiction, Fantasy, Academic, School, Plays, Theatre, Literature, Poetry, Academic, Read For School",0,"Dunfermline Abbey, Fife, Scotland, Scotland"
https://www.goodreads.com/book/show/544891.Beastly,544891,Beastly,3.0,Alex Flinn,3.83,173102.0,173102.0,304.0,,True,"Young Adult, Fantasy, Romance, Fantasy, Fairy Tales, Retellings, Fiction, Fantasy, Paranormal, Fantasy, Magic, Young Adult, Teen, Fairy Tales, Beauty and The Beast","California Young Readers Medal Nominee for Young Adult (2012), Lincoln Award Nominee (2012), Missouri Gateway Readers Award Nominee (2010)","New York State, New York City, New York"
https://www.goodreads.com/book/show/47021.The_Taming_of_the_Shrew,47021,The Taming of the Shrew,,William Shakespeare,3.79,154847.0,154847.0,291.0,1593.0,False,"Classics, Plays, Fiction, Drama, Academic, School, Plays, Theatre, Literature, Romance, Poetry, Humor, Comedy",0,
https://www.goodreads.com/book/show/8709526-the-indigo-spell,8709526,The Indigo Spell,1.0,Richelle Mead,4.35,96579.0,96579.0,401.0,,True,"Young Adult, Paranormal, Vampires, Fantasy, Fantasy, Paranormal, Romance, Fantasy, Magic, Fantasy, Urban Fantasy, Fantasy, Supernatural, Romance, Paranormal Romance, Fiction",Goodreads Choice Award Nominee for Best Young Adult Fantasy & Science Fiction (2013),"Palm Springs, California, Pennsylvania"
https://www.goodreads.com/book/show/25845273-the-great-divorce,25845273,The Great Divorce,,C.S. Lewis,4.29,114210.0,114210.0,146.0,1945.0,False,"Christian, Fiction, Religion, Classics, Religion, Theology, Religion, Christianity, Fantasy, Religion, Faith, Philosophy, Christian Fiction",0,
https://www.goodreads.com/book/show/365.Dirk_Gently_s_Holistic_Detective_Agency,365,Dirk Gently's Holistic Detective Agency,1.0,Douglas Adams,3.97,127531.0,127531.0,306.0,1987.0,True,"Science Fiction, Fiction, Fantasy, Humor, Mystery, Humor, Comedy, Science Fiction Fantasy, Science Fiction, Time Travel, Mystery, Detective, Novels",Audie Award for Humor (1998),England
https://www.goodreads.com/book/show/124509.Smilla_s_Sense_of_Snow,124509,Smilla's Sense of Snow,6.0,Peter Høeg,3.75,43573.0,43573.0,469.0,1992.0,False,"Fiction, Mystery, Mystery, Crime, Thriller, Cultural, Denmark, European Literature, Scandinavian Literature, Thriller, Mystery Thriller, Contemporary, European Literature, Danish, Suspense","CWA Silver Dagger for Fiction (1994), Dilys Award (1994), Glass Key Award (1993), Edgar Award Nominee for Best Novel (1994), Deutscher Krimi Preis for 2. Platz International (1995), Palle Rosenkrantz Prisen (1992)","Copenhagen, Denmark, Greenland"
https://www.goodreads.com/book/show/171547.Songs_of_Innocence_and_of_Experience,171547,Songs of Innocence and of Experience,,William Blake,4.09,41638.0,41638.0,56.0,1789.0,False,"Poetry, Classics, Fiction, Literature, 18th Century, Literature, Art, Medievalism, Romanticism, Academic, School, European Literature, British Literature, Literature, English Literature",0,
https://www.goodreads.com/book/show/38296.The_Last_of_the_Mohicans,38296,The Last of the Mohicans,,James Fenimore Cooper,3.7,92595.0,92595.0,410.0,1826.0,True,"Classics, Fiction, Historical, Historical Fiction, Adventure, Literature, Historical, Literature, American, Novels, Classics, Classic Literature, War",0,"Upstate New York, Fort William Henry, Lake George, North America"
https://www.goodreads.com/book/show/43916.Magician,43916,Magician,,Raymond E. Feist,4.28,64438.0,64438.0,681.0,1982.0,True,"Fantasy, Fiction, Fantasy, Epic Fantasy, Young Adult, Childrens, Fantasy, High Fantasy, Adventure, Fantasy, Magic, Childrens, Middle Grade, Science Fiction Fantasy",0,
https://www.goodreads.com/book/show/43483262-love-is-the-answer-god-is-the-cure,43483262,"Love is the Answer, God is the Cure: A True Story of Abuse, Betrayal and Unconditional Love",2.0,Aimee Cabo Nikolov,4.3,8170.0,8170.0,150.0,2018.0,False,"Contemporary, Novels, Drama, Fiction, Book Club, Adult, True Story, Sociology, Abuse","Feathered Quill Book Award for Memoir/Biography (1st) and for Inspirational (1st) (2019), Body Mind Spirit Book Award for Inspirational (2018)",
https://www.goodreads.com/book/show/34532.Hogfather,34532,Hogfather,1.0,Terry Pratchett,4.21,82392.0,82392.0,432.0,1996.0,True,"Fantasy, Fiction, Humor, Humor, Comedy, Holiday, Christmas, Science Fiction Fantasy, Young Adult, Childrens, Audiobook, Adventure",British Fantasy Award Nominee for Best Novel (1997),Ankh-Morpork
https://www.goodreads.com/book/show/12557.The_Kitchen_God_s_Wife,12557,The Kitchen God's Wife,,Amy Tan,4.0,79285.0,79285.0,416.0,1991.0,False,"Fiction, Historical, Historical Fiction, Cultural, China, Cultural, Asia, Contemporary, Literature, Asian Literature, Novels, Historical, Adult Fiction, Literature",0,United States of America
https://www.goodreads.com/book/show/943402.Let_the_Right_One_In,943402,Let the Right One In,1.0,John Ajvide Lindqvist,4.03,96528.0,96528.0,513.0,2004.0,False,"Horror, Fiction, Paranormal, Vampires, Fantasy, Fantasy, Paranormal, Thriller, Fantasy, Supernatural, Mystery, European Literature, Swedish Literature, Cultural, Sweden",James Tiptree Jr. Award Nominee (2008),Stockholm
https://www.goodreads.com/book/show/1295102.Lock_and_Key,1295102,Lock and Key,2.0,Sarah Dessen,4.0,143735.0,143735.0,432.0,,False,"Young Adult, Romance, Contemporary, Fiction, Realistic Fiction, Womens Fiction, Chick Lit, Young Adult, Teen, Young Adult, Young Adult Contemporary, Young Adult, High School, Young Adult, Coming Of Age","Iowa High School Book Award Nominee (2011), Missouri Gateway Readers Award Nominee (2011)","Lakeview, North Carolina"
https://www.goodreads.com/book/show/1240662.Lover_Enshrined,1240662,Lover Enshrined,2.0,J.R. Ward,4.11,108828.0,108828.0,534.0,,True,"Fantasy, Paranormal, Romance, Romance, Paranormal Romance, Paranormal, Vampires, Fantasy, Fantasy, Urban Fantasy, Adult, Fiction, Fantasy, Supernatural, Adult Fiction, Erotica","All About Romance (AAR) Annual Reader Poll for Best Paranormal Romance (2009), P.E.A.R.L. (Paranormal Excellence Award for Romantic Literature) for Best Vampire Romance (2008)","Caldwell, New York"
https://www.goodreads.com/book/show/242006.Running_with_Scissors,242006,Running with Scissors,,Augusten Burroughs,3.73,362794.0,362794.0,304.0,2002.0,False,"Autobiography, Memoir, Nonfiction, Biography, Humor, Biography Memoir, Biography, Autobiography, LGBT, Psychology, Mental Health, Mental Illness, Health, Mental Health",0,
https://www.goodreads.com/book/show/2744.Anansi_Boys,2744,Anansi Boys,5.0,Neil Gaiman,4.02,202182.0,202182.0,387.0,2005.0,False,"Fantasy, Fiction, Fantasy, Urban Fantasy, Fantasy, Mythology, Audiobook, Science Fiction Fantasy, Humor, Adult, Magical Realism, Contemporary","Locus Award for Best Fantasy Novel (2006), Mythopoeic Fantasy Award for Adult Literature (2006), Grand Prix de l'Imaginaire Nominee for Roman étranger (2007), ALA Alex Award (2006), British Fantasy Award for Best Novel (2006)","London, England, Florida"
https://www.goodreads.com/book/show/47212.Storm_Front,47212,Storm Front,1.0,Jim Butcher,3.99,309316.0,309316.0,355.0,,True,"Fantasy, Fantasy, Urban Fantasy, Mystery, Fiction, Fantasy, Paranormal, Fantasy, Magic, Audiobook, Fantasy, Supernatural, Science Fiction Fantasy, Mystery, Crime",Compton Crook Award Nominee (2001),"Chicago, Illinois"
https://www.goodreads.com/book/show/24113.G_del_Escher_Bach,24113,"Gödel, Escher, Bach: an Eternal Golden Braid",3.0,Douglas R. Hofstadter,4.27,44572.0,44572.0,777.0,1979.0,False,"Science, Nonfiction, Philosophy, Science, Mathematics, Music, Psychology, Science, Computer Science, Art, Unfinished, History","Pulitzer Prize for General Nonfiction (1980), National Book Award for Science (Hardcover) (1980), National Book Critics Circle Award Nominee for General Nonfiction (1979)",
https://www.goodreads.com/book/show/36809135-where-the-crawdads-sing,36809135,Where the Crawdads Sing,2.0,Delia Owens,4.47,1214567.0,1214567.0,384.0,,False,"Fiction, Historical, Historical Fiction, Mystery, Audiobook, Book Club, Adult, Romance, Adult Fiction, Historical, Young Adult, Coming Of Age","Edgar Award Nominee for Best First Novel by an American Author (2019), Goodreads Choice Award Nominee for Historical Fiction (2018)","North Carolina, North Carolina Coast, North Carolina swamp"
https://www.goodreads.com/book/show/40605329-the-mysterious-benedict-society,40605329,The Mysterious Benedict Society,3.0,Trenton Lee Stewart,4.17,128759.0,128759.0,497.0,2007.0,True,"Mystery, Fiction, Young Adult, Childrens, Middle Grade, Fantasy, Childrens, Adventure, Childrens, Juvenile, Science Fiction, Audiobook","E.B. White Read Aloud Award for Older Readers (2008), Massachusetts Children's Book Award (2009), Iowa Children's Choice Award Nominee (2011)",
https://www.goodreads.com/book/show/7600924-forbidden,7600924,Forbidden,9.0,Tabitha Suzuma,4.03,56082.0,56082.0,418.0,,False,"Young Adult, Romance, Contemporary, Fiction, Realistic Fiction, Dark, New Adult, Drama, Young Adult, Young Adult Contemporary, Romance, Contemporary Romance","Deutscher Jugendliteraturpreis Nominee for Preis der Jugendjury (2012), Branford Boase Award Nominee (2007), Young Minds Book Award (0), Premio Speciale Cariparma for European Literature (2011), UKLA Book Award Nominee (2009), Lancashire Book of the Year Award Nominee (2009), Stockport Schools' Book Award (2008), Carnegie Medal Nominee (2011), NASEN & TES Special Educational Needs Children's Book Award Nominee (0)","London, England"
https://www.goodreads.com/book/show/13206900-winter,13206900,Winter,2.0,Marissa Meyer,4.43,212748.0,212748.0,827.0,,True,"Fantasy, Young Adult, Science Fiction, Romance, Retellings, Science Fiction, Dystopia, Fiction, Fantasy, Fairy Tales, Audiobook, Adventure","Pacific Book Review Award for Best Young Adult (2016), Goodreads Choice Award Nominee for Young Adult Fantasy & Science Fiction (2015)",Luna
https://www.goodreads.com/book/show/13496084-point-of-retreat,13496084,Point of Retreat,,Colleen Hoover,4.27,144010.0,144010.0,230.0,,True,"Romance, New Adult, Young Adult, Contemporary, Romance, Contemporary Romance, Fiction, Womens Fiction, Chick Lit, Academic, College, Love, Drama",0,"Ypsilanti, Michigan"
https://www.goodreads.com/book/show/6259.Birdsong,6259,Birdsong: A Novel of Love and War,1.0,Sebastian Faulks,4.09,70420.0,70420.0,483.0,1993.0,True,"Historical, Historical Fiction, Fiction, War, Classics, Historical, Romance, War, World War I, Cultural, France, Novels, Literature",Premio Internacional de Novela Histórica Ciudad de Zaragoza (2010),"France, London, England"
https://www.goodreads.com/book/show/50.Hatchet,50,Hatchet,16.0,Gary Paulsen,3.74,324636.0,324636.0,208.0,1987.0,True,"Young Adult, Fiction, Adventure, Classics, Adventure, Survival, Childrens, Childrens, Middle Grade, Realistic Fiction, Academic, School, Academic, Read For School","Newbery Medal Nominee (1988), Young Hoosier Book Award for 6-8 (1991), Buckeye Children's Book Award for 6-8 (1991), Massachusetts Children's Book Award (1995), Flicker Tale Children's Book Award (1990), Dorothy Canfield Fisher Children's Book Award (1989), Golden Archer Award (1989), Soaring Eagle Book Award (1997), Iowa Teen Award (1990), California Young Readers Medal Nominee for Middle School/Junior High (1990), Minnesota Book Award (1988), William Allen White Children's Book Award (1990), Bluestem Book Award Nominee (2016), Virginia Reader's Choice for Middle (1989), Oklahoma Sequoyah Award for YA (1990), Margaret A. Edwards Award (1997)",Canada
https://www.goodreads.com/book/show/7824322-between-shades-of-gray,7824322,Between Shades of Gray,12.0,Ruta Sepetys,4.35,177946.0,177946.0,344.0,,False,"Historical, Historical Fiction, Young Adult, Fiction, Historical, War, War, World War II, Cultural, Russia, Audiobook, Romance, Young Adult, Teen","Georgia Peach Book Award Nominee for Honor book (2012), SCBWI Golden Kite Award for Fiction (2012), William C. Morris YA Debut Award Nominee (2012), Rhode Island Teen Book Award Nominee (2013), Milwaukee County Teen Book Award Nominee (2012), Indies Choice Book Award for Young Adult (2012), Amelia Elizabeth Walden Award Nominee (2012), Lincoln Award Nominee (2016), CYBILS Award Nominee for Young Adult Fiction (2011), Goodreads Choice Award Nominee for Young Adult Fiction (2011), Carnegie Medal Nominee (2012), Missouri Gateway Readers Award Nominee (2014)","Siberia, Lithuania"
https://www.goodreads.com/book/show/5359.The_Client,5359,The Client,3.0,John Grisham,4.02,406732.0,406732.0,483.0,1993.0,False,"Fiction, Mystery, Thriller, Mystery, Crime, Suspense, Thriller, Legal Thriller, Thriller, Mystery Thriller, Drama, Novels, Law","Colorado Blue Spruce Young Adult Book Award (1995), Evergreen Teen Book Award (1996), Premio Bancarella (1994)","Memphis, Tennessee, New Orleans, Louisiana, Tennessee, Louisiana"
https://www.goodreads.com/book/show/8913370-fingersmith,8913370,Fingersmith,6.0,Sarah Waters,4.0,88438.0,88438.0,592.0,,False,"Historical, Historical Fiction, Fiction, LGBT, Historical, Romance, Mystery, GLBT, Queer, GLBT, Lesbian, Adult, Gothic","Booker Prize Nominee (2002), Stonewall Book Award Nominee for Literature (2003), Orange Prize Nominee for Fiction Shortlist (2002), CWA Ellis Peters Historical Award (2002), Lambda Literary Award for Lesbian Fiction (2003), このミステリーがすごい！ for Best Translated Mystery Novel of the Year in Japan (2005)","London, England"
https://www.goodreads.com/book/show/5472.Animal_Farm_1984,5472,Animal Farm / 1984,,George Orwell,4.29,170885.0,170885.0,400.0,1948.0,False,"Classics, Fiction, Science Fiction, Dystopia, Literature, Science Fiction, Politics, Fantasy, Novels, Academic, School, Philosophy",0,
https://www.goodreads.com/book/show/16220184-crossroads-and-the-himalayan-crystals,16220184,Crossroads and the Himalayan Crystals,,C. Toni Graham,4.32,5623.0,5623.0,266.0,2012.0,True,"Contemporary, Drama, Epic",0,Otherworld of magic
https://www.goodreads.com/book/show/8685612-the-iron-queen,8685612,The Iron Queen,1.0,Julie Kagawa,4.19,101151.0,101151.0,384.0,,True,"Fantasy, Young Adult, Romance, Fantasy, Paranormal, Fairies, Fae, Paranormal, Fairies, Fantasy, Magic, Fantasy, Urban Fantasy, Young Adult, Young Adult Fantasy, Fiction",Goodreads Choice Award Nominee for Goodreads Author (2011),Nimmernie
https://www.goodreads.com/book/show/581811.Valley_of_the_Dolls,581811,Valley of the Dolls,,Jacqueline Susann,3.76,51386.0,51386.0,442.0,1966.0,False,"Fiction, Classics, Womens Fiction, Chick Lit, Romance, Contemporary, Novels, Adult, Adult Fiction, Drama, New York",0,"New York State, New York City, New York"
https://www.goodreads.com/book/show/36590307-unblinded,36590307,Unblinded: One Man’s Courageous Journey through Darkness to Sight,,Traci Medford-Rosow,4.33,3154.0,3154.0,220.0,,False,"Drama, Contemporary, Book Club, Epic, Novels, Fiction",0,
https://www.goodreads.com/book/show/18692431-everything-everything,18692431,"Everything, Everything",11.0,Nicola Yoon,4.04,418669.0,418669.0,306.0,,False,"Young Adult, Romance, Contemporary, Fiction, Realistic Fiction, Audiobook, Young Adult, Young Adult Contemporary, Young Adult, Teen, Young Adult, Coming Of Age, Young Adult, Young Adult Romance","South Carolina Book Award for Young Adult (2018), Pennsylvania Young Readers' Choice Award Nominee for Young Adults (2017), Rhode Island Teen Book Award (2017), Evergreen Teen Book Award (2018), Soaring Eagle Book Award (2016), Milwaukee County Teen Book Award Nominee (2017), Deutscher Jugendliteraturpreis Nominee for Preis der Jugendjury (2016), Eliot Rosewater Indiana High School Book Award (2018), Goodreads Choice Award Nominee for Debut Goodreads Author, and for Young Adult Fiction (2015), Missouri Gateway Readers Award Nominee (2017)","Los Angeles, California, Maui, Hawaii"
https://www.goodreads.com/book/show/8235178-across-the-universe,8235178,Across the Universe,4.0,Beth Revis,3.77,116292.0,116292.0,399.0,,True,"Young Adult, Science Fiction, Science Fiction, Dystopia, Romance, Fantasy, Fiction, Mystery, Space, Young Adult, Teen, Adventure","Rhode Island Teen Book Award Nominee (2013), Lincoln Award Nominee (2014), Goodreads Choice Award Nominee for Young Adult Fantasy & Science Fiction and for Goodreads Author (2011), Carnegie Medal Nominee (2012)","Godspeed, United States of America, Earth, Outer Space"
https://www.goodreads.com/book/show/7402393-nightshade,7402393,Nightshade,,Andrea Cremer,4.0,83137.0,83137.0,452.0,,True,"Young Adult, Fantasy, Fantasy, Paranormal, Shapeshifters, Werewolves, Romance, Romance, Paranormal Romance, Fantasy, Supernatural, Fantasy, Urban Fantasy, Fantasy, Magic, Fiction",0,"Vail, Colorado"
https://www.goodreads.com/book/show/7937462-the-short-second-life-of-bree-tanner,7937462,The Short Second Life of Bree Tanner,1.0,Stephenie Meyer,3.51,190090.0,190090.0,178.0,2009.0,True,"Young Adult, Fantasy, Paranormal, Vampires, Fantasy, Paranormal, Fiction, Romance, Fantasy, Supernatural, Fantasy, Urban Fantasy, Young Adult, Teen, Romance, Paranormal Romance",Goodreads Choice Award Nominee for Young Adult Fantasy and for Favorite Book (2010),"Seattle, Washington, Washington (state)"
https://www.goodreads.com/book/show/693208.The_Absolutely_True_Diary_of_a_Part_Time_Indian,693208,The Absolutely True Diary of a Part-Time Indian,14.0,Sherman Alexie,4.09,235428.0,235428.0,230.0,,False,"Young Adult, Fiction, Contemporary, Realistic Fiction, Humor, Young Adult, Coming Of Age, Young Adult, Teen, Academic, School, Audiobook, Literature, Banned Books","National Book Award for Young People's Literature (2007), Odyssey Award (2009), American Indian Library Association Award, South Carolina Book Award Nominee for Young Adult Book Award (2010), Rhode Island Teen Book Award Nominee (2009), Michigan Library Association Thumbs Up! Award Nominee (2008), Florida Teens Read Nominee (2009), American Indian Youth Literature Award for Best Young Adult Book (Award Retroactively Rescinded in 2018) (2008), Boston Globe-Horn Book Award for Fiction (2008), The Inky Awards Nominee for Silver Inky (2009), California Young Readers Medal for Young Adult (2010), Lincoln Award Nominee (2011), James Cook Book Award Nominee (2009), The Inky Awards Shortlist for Silver Inky (2009)","United States of America, Washington (state)"
https://www.goodreads.com/book/show/11557.Swan_Song,,,,,,,,,,False,,0,
https://www.goodreads.com/book/show/17889664-to-live-and-die-in-fantasyland,17889664,To Live and Die in Fantasyland,,Ben Peller,4.31,93.0,93.0,320.0,,True,"Fantasy, Inspirational",0,
https://www.goodreads.com/book/show/243705.The_Collector,243705,The Collector,,John Fowles,3.99,61187.0,61187.0,283.0,1963.0,False,"Fiction, Horror, Classics, Thriller, Mystery, Crime, Mystery, Novels, European Literature, British Literature, Literature, Contemporary",0,"United Kingdom, London, England"
