url,book_id,title,author,good_read_score,good_read_votes,avg_rating,num_reviews,num_ratings,num_pages,original_publish_year,series,genres,awards,award_count,place
https://www.goodreads.com/book/show/827.The_Diamond_Age,827,"The Diamond Age: Or, a Young Lady's Illustrated Primer",Neal Stephenson,4792,57,4.16,3532,86472,499,1995,False,"Science Fiction, Fiction, Science Fiction, Cyberpunk, Science Fiction, Steampunk, Fantasy, Science Fiction Fantasy, Science Fiction, Dystopia, Speculative Fiction, Novels, Hugo Awards","Hugo Award for Best Novel (1996), Nebula Award Nominee for Best Novel (1996), Locus Award for Best Science Fiction Novel (1996), Arthur C. Clarke Award Nominee (1996), John W. Campbell Memorial Award Nominee for Best Science Fiction Novel (1996), Prometheus Award Nominee for Best Novel (1996)",6,"China, Shanghai"
https://www.goodreads.com/book/show/76527.The_Life_and_Opinions_of_Tristram_Shandy_Gentleman,76527,"The Life and Opinions of Tristram Shandy, Gentleman",Laurence Sterne,4787,65,3.73,1307,19553,735,1759,False,"Classics, Fiction, Literature, Literature, 18th Century, Humor, Novels, European Literature, British Literature, Literature, English Literature, Classics, Classic Literature, Literary Fiction",,0,
https://www.goodreads.com/book/show/23164983-hollow-city,23164983,Hollow City,Ransom Riggs,4782,61,4.04,17539,212662,428,2014,True,"Fantasy, Young Adult, Fiction, Fantasy, Paranormal, Historical, Historical Fiction, Horror, Science Fiction, Time Travel, Adventure, Mystery, Fantasy, Supernatural",Goodreads Choice Award Nominee for Young Adult Fantasy & Science Fiction (2014),1,
https://www.goodreads.com/book/show/12716010-rapture,12716010,Rapture,Lauren Kate,4774,68,4.01,5782,106409,466,2012,True,"Young Adult, Fantasy, Paranormal, Angels, Romance, Fantasy, Paranormal, Romance, Paranormal Romance, Fantasy, Supernatural, Fiction, Fantasy, Urban Fantasy, Young Adult, Teen",,0,"Venice, Vienna, Jerusalem, Turkey, Connecticut, Tybee Island, Florida"
https://www.goodreads.com/book/show/23513349-milk-and-honey,23513349,Milk and Honey,Rupi Kaur,4764,55,4.06,30329,395834,204,2014,False,"Poetry, Feminism, Nonfiction, Contemporary, Adult, Romance, Health, Mental Health, Audiobook, Cultural, Canada, Womens",,0,
https://www.goodreads.com/book/show/4921.Three_Men_in_a_Boat,4921,Three Men in a Boat,Jerome K. Jerome,4731,69,3.88,4864,58971,185,1889,True,"Classics, Fiction, Humor, Humor, Comedy, Travel, European Literature, British Literature, Literature, 19th Century, Literature, Adventure, Audiobook",,0,"River Thames, England, London, England, Kingston-upon-Thames, London, England, Hampton, England, Marlow, England, Magna Carta Island, England"
https://www.goodreads.com/book/show/35133922-educated,35133922,Educated,Tara Westover,4713,52,4.46,76687,936655,334,2018,False,"Nonfiction, Autobiography, Memoir, Biography, Audiobook, Biography Memoir, Biography, Autobiography, Education, Book Club, Adult, Religion","Audie Award for Best Female Narrator (2019), Los Angeles Times Book Prize Nominee for Biography (2018), ALA Alex Award (2019), Dayton Literary Peace Prize Nominee for Nonfiction (2019), Wellcome Book Prize Nominee for Longlist (2019), National Book Critics Circle Award Nominee for Autobiography (2018), Goodreads Choice Award for Memoir & Autobiography (2018), PEN/Jean Stein Book Award Nominee for Shortlist (2019), Reading Women Award for Nonfiction (2018)",9,"Idaho Mountains, Idaho, Arizona, Rome, Paris, Palmyra, New York, Boston, Massachusetts, Harvard University, Cambridge, Massachusetts, Cambridge, England"
https://www.goodreads.com/book/show/331319.An_American_Tragedy,331319,An American Tragedy,Theodore Dreiser,4708,73,3.95,1345,32726,859,1925,False,"Classics, Fiction, Literature, Literature, American, Historical, Historical Fiction, Novels, Literature, Banned Books, Mystery, Crime, Literature, 20th Century, Classics, Classic Literature",,0,"Kansas City, Missouri, Lycurgus, New York"
https://www.goodreads.com/book/show/13328554-the-pandarus-file,13328554,The Pandarus File,Kyle Keyes,4699,52,4.43,22,2880,348,2010,False,"Fiction, Drama, Novels, Thriller, Contemporary, Suspense, Mystery, Epic, Adult, Adventure",,0,
https://www.goodreads.com/book/show/407813.The_Blue_Sword,407813,The Blue Sword,Robin McKinley,4695,64,4.18,2949,60760,256,1982,True,"Fantasy, Young Adult, Fiction, Adventure, Romance, Fantasy, Magic, Young Adult, Young Adult Fantasy, Childrens, Fantasy, High Fantasy, Science Fiction Fantasy","Newbery Medal Nominee (1983), Dorothy Canfield Fisher Children's Book Award Nominee (1984)",2,
https://www.goodreads.com/book/show/49455.Notes_from_Underground,49455,Notes from Underground,Fyodor Dostoyevsky,4689,53,4.15,6019,93499,136,1864,False,"Classics, Fiction, Philosophy, Cultural, Russia, Literature, Russian Literature, Literature, Novels, Literature, 19th Century, Psychology, Classics, Classic Literature",,0,
https://www.goodreads.com/book/show/389627.Diary_of_a_Wimpy_Kid,389627,Diary of a Wimpy Kid,Jeff Kinney,4685,60,3.98,18098,492721,226,2004,True,"Fiction, Humor, Childrens, Childrens, Middle Grade, Young Adult, Realistic Fiction, Sequential Art, Graphic Novels, Humor, Comedy, Sequential Art, Comics, Diary","Borders Original Voices Award for YA or Independent Reader (2007), Books I Loved Best Yearly (BILBY) Awards for Younger Readers (2010, 2012) (2010), West Australian Young Readers' Book Award (WAYRBA) for Younger Readers (2009), Dorothy Canfield Fisher Children's Book Award (2009), North Carolina Children's Book Award (2009), Hea Lasteraamat (2011)",7,
https://www.goodreads.com/book/show/412732.The_Dharma_Bums,412732,The Dharma Bums,Jack Kerouac,4673,62,3.91,3014,87607,244,1958,False,"Fiction, Classics, Literature, Novels, Travel, Literature, American, Philosophy, Religion, Buddhism, Adventure, Spirituality",,0,"Oregon, San Francisco, California, Los Angeles, California, South Carolina"
https://www.goodreads.com/book/show/2612.The_Tipping_Point,2612,The Tipping Point: How Little Things Can Make a Big Difference,Malcolm Gladwell,4660,68,3.98,14079,717801,301,2000,False,"Nonfiction, Business, Psychology, Sociology, Science, Self Help, Economics, Audiobook, Leadership, Philosophy",,0,
https://www.goodreads.com/book/show/2364284._,2364284,أولاد حارتنا,Naguib Mahfouz,4659,50,4.11,2821,24251,600,1959,False,"Fiction, Novels, Classics, Literature, Northern Africa, Egypt, Cultural, Africa, Historical, Historical Fiction, Nobel Prize, Religion, Philosophy",,0,Egypt
https://www.goodreads.com/book/show/40669887-cheaper-by-the-dozen,40669887,Cheaper by the Dozen,Frank B. Gilbreth Jr.,4653,83,3.98,1991,40379,292,1948,True,"Nonfiction, Classics, Biography, Autobiography, Memoir, Humor, Childrens, Biography Memoir, Biography, Autobiography, Family, History",,0,"Montclair, New Jersey"
https://www.goodreads.com/book/show/767680.If_You_Give_a_Mouse_a_Cookie,767680,If You Give a Mouse a Cookie,Laura Joffe Numeroff,4649,78,4.26,4170,261229,40,1985,False,"Childrens, Picture Books, Childrens, Fiction, Animals, Humor, Classics, Fantasy, Kids, Food and Drink, Food, Childrens, Storytime",California Young Readers Medal for Primary (1988),1,
https://www.goodreads.com/book/show/113304.The_Thief_Lord,113304,The Thief Lord,Cornelia Funke,4620,64,3.96,4050,89394,350,2000,False,"Fantasy, Young Adult, Fiction, Childrens, Childrens, Middle Grade, Adventure, Mystery, Historical, Historical Fiction, Cultural, Italy, Childrens, Juvenile","Book Sense Book of the Year Award for Children's Literature (2003), Batchelder Award (2003), Zilveren Griffel (2004), Grand Canyon Reader Award for Teen Book (2004), Massachusetts Children's Book Award (2005), Zurich Children's Book Award (2000), The Children's Book Award from the Vienna House of Literature (2001), Pacific Northwest Library Association Young Reader's Choice Award for Junior (2005), Literaturpreis der Jury der jungen Leser for Kinderbuch (2001), Corine Internationaler Buchpreis for Kinder- und Jugendbuch (2003), Premi Protagonista Jove for Categoria 13-14 anys (2004)",11,Venice
https://www.goodreads.com/book/show/32620332-the-seven-husbands-of-evelyn-hugo,32620332,The Seven Husbands of Evelyn Hugo,Taylor Jenkins Reid,4606,49,4.39,43528,314698,391,2017,False,"Historical, Historical Fiction, Fiction, Romance, Contemporary, LGBT, Audiobook, Adult, Historical, Adult Fiction, GLBT, Queer","Goodreads Choice Award Nominee for Historical Fiction (2017), Book of the Month Book of the Year Award Nominee (2017)",2,"Upper East Side, Manhattan, New York"
https://www.goodreads.com/book/show/233649.The_Great_Hunt,233649,The Great Hunt,Robert Jordan,4603,63,4.22,5612,240273,705,1990,True,"Fantasy, Fiction, Fantasy, Epic Fantasy, Fantasy, High Fantasy, Science Fiction Fantasy, Adventure, Epic, Audiobook, Fantasy, Magic, Young Adult",,0,"Tar Valon, Falme, Toman Head"
https://www.goodreads.com/book/show/38501.Ham_on_Rye,38501,Ham on Rye,Charles Bukowski,4602,55,4.14,3751,87243,288,1982,False,"Fiction, Classics, Novels, Literature, Literature, American, Young Adult, Coming Of Age, Contemporary, Poetry, The United States Of America, Literature, 20th Century",,0,"United States of America, Los Angeles, California"
https://www.goodreads.com/book/show/56305116-the-outlands,56305116,The Outlands,Tyler Edwards,4600,46,4.75,39,129,452,2020,False,"Young Adult, Science Fiction, Dystopia, Science Fiction, Adventure, Thriller, Fantasy, Apocalyptic, Post Apocalyptic, Young Adult, Young Adult Science Fiction, Action, Epic",,0,
https://www.goodreads.com/book/show/36510196-old-man-s-war,36510196,Old Man's War,John Scalzi,4595,57,4.2,9870,171936,332,2005,True,"Science Fiction, Fiction, Space, Space Opera, War, Military Fiction, Science Fiction Fantasy, War, Space, Audiobook, Fantasy, Adventure","Hugo Award Nominee for Best Novel (2006), Locus Award Nominee for Best SF Novel and Best First Novel (2006), Geffen Award for Best Translated Science Fiction Book (2007)",3,
https://www.goodreads.com/book/show/40792344-mere-christianity,40792344,Mere Christianity,C.S. Lewis,4592,59,4.32,9021,317869,168,1942,False,"Christian, Nonfiction, Religion, Religion, Theology, Religion, Christianity, Classics, Philosophy, Religion, Faith, Spirituality, Christian, Christian Living",,0,
https://www.goodreads.com/book/show/17347389-the-dream-thieves,17347389,The Dream Thieves,Maggie Stiefvater,4583,54,4.21,17541,162125,439,2013,True,"Fantasy, Young Adult, Fantasy, Paranormal, Fiction, Romance, Fantasy, Magic, Fantasy, Urban Fantasy, LGBT, Audiobook, Young Adult, Young Adult Fantasy","Locus Award Nominee for Best Young Adult Novel (2014), Mythopoeic Fantasy Award Nominee for Adult Literature (2017), Milwaukee County Teen Book Award Nominee (2015), Goodreads Choice Award Nominee for Young Adult Fantasy & Science Fiction (2013)",4,"Henrietta, Virginia"
https://www.goodreads.com/book/show/1768603.The_White_Tiger,1768603,The White Tiger,Aravind Adiga,4581,59,3.75,11025,168331,276,2008,False,"Fiction, Cultural, India, Contemporary, Asian Literature, Indian Literature, Novels, Literary Fiction, Literature, Cultural, Asia, Book Club, Mystery, Crime","Booker Prize (2008), John Llewellyn Rhys Prize Nominee (2008), PEN/Robert W. Bingham Prize Nominee (2009), Galaxy British Book Awards for Author of the Year (0), Shakti Bhatt First Book Prize Nominee (2008)",5,"Laxmangarh, Bihar, New Delhi"
https://www.goodreads.com/book/show/567704.Imajica,567704,Imajica,Clive Barker,4560,55,4.17,916,20993,823,1991,False,"Fantasy, Horror, Fiction, Fantasy, Dark Fantasy, Science Fiction, Science Fiction Fantasy, Speculative Fiction, Novels, Fantasy, Supernatural, Epic",Prix Julia Verlanger (1997),1,
https://www.goodreads.com/book/show/27323.Hiroshima,27323,Hiroshima,John Hersey,4555,73,3.99,3392,64186,152,1946,False,"History, Nonfiction, Classics, War, Cultural, Japan, War, World War II, Historical, Cultural, Asia, Academic, School, Writing, Journalism",,0,"Hiroshima, Japan"
https://www.goodreads.com/book/show/3428935-the-warded-man,3428935,The Warded Man,Peter V. Brett,4552,51,4.23,5481,113922,416,2008,True,"Fantasy, Fiction, Fantasy, Epic Fantasy, Fantasy, High Fantasy, Fantasy, Magic, Adventure, Paranormal, Demons, Young Adult, Fantasy, Dark Fantasy, Science Fiction Fantasy","Locus Award Nominee for Best First Novel (2009), LovelyBooks Leserpreis for Bester Klappentext (2009)",2,
https://www.goodreads.com/book/show/36578942-the-100-year-old-man-who-climbed-out-the-window-and-disappeared,36578942,The 100-Year-Old Man Who Climbed Out the Window and Disappeared,Jónas Jónasson,4549,56,3.82,23786,228615,396,2009,True,"Fiction, Humor, Contemporary, Historical, Historical Fiction, Audiobook, Adventure, Humor, Comedy, Cultural, Sweden, Novels, Book Club","本屋大賞 Nominee for Translated Fiction (2015), Goodreads Choice Award Nominee (2012)",2,"Malmköping, Los Alamos, New Mexico, Washington, D.C., Moskow, Vladivostok, Bali, Paris, Tehran, Pyongyang, Sweden"
https://www.goodreads.com/book/show/4796.The_Winter_of_Our_Discontent,4796,The Winter of Our Discontent,John Steinbeck,4547,70,4.0,2211,39585,291,1961,False,"Classics, Fiction, Literature, Literature, American, Novels, Literary Fiction, Classics, Classic Literature, Literature, 20th Century, Nobel Prize, The United States Of America",,0,"New Baytown, Long Island, New York, New York State"
https://www.goodreads.com/book/show/12812550-days-of-blood-starlight,12812550,Days of Blood & Starlight,Laini Taylor,4535,56,4.14,13824,148645,517,2012,True,"Fantasy, Young Adult, Romance, Fantasy, Paranormal, Paranormal, Angels, Fantasy, Urban Fantasy, Fiction, Fantasy, Magic, Young Adult, Young Adult Fantasy, Audiobook",DABWAHA Romance Tournament for Best Novel with Romantic Elements (2013),1,"Eretz, Agdz, Prague (Praha)"
https://www.goodreads.com/book/show/5267365-don-t-judge-a-girl-by-her-cover,5267365,Don't Judge a Girl by Her Cover,Ally Carter,4534,60,4.21,2688,65820,263,2009,True,"Young Adult, Mystery, Romance, Contemporary, Fiction, Spy Thriller, Espionage, Adventure, Womens Fiction, Chick Lit, Young Adult, Teen, Action",RITA Award by Romance Writers of America Nominee for Best Young Adult Romance (2010),1,"Roseville, Virginia"
https://www.goodreads.com/book/show/42603.Black_Like_Me,42603,Black Like Me,John Howard Griffin,4531,78,4.09,2835,64272,208,1961,False,"Nonfiction, History, Autobiography, Memoir, Classics, Biography, Race, Cultural, African American, Sociology, Biography Memoir, Biography, Autobiography",Anisfield-Wolf Book Award (1962),1,United States of America
https://www.goodreads.com/book/show/7849341-tiger-s-voyage,7849341,Tiger's Voyage,Colleen Houck,4530,54,4.25,2279,34427,560,2011,True,"Fantasy, Young Adult, Romance, Fantasy, Mythology, Fantasy, Paranormal, Fantasy, Magic, Adventure, Fiction, Fantasy, Dragons, Fantasy, Urban Fantasy",,0,
https://www.goodreads.com/book/show/1895792.The_Fury_Dark_Reunion,1895792,The Fury / Dark Reunion,L.J. Smith,4525,66,3.73,1843,57461,520,1991,True,"Young Adult, Paranormal, Vampires, Fantasy, Fantasy, Paranormal, Romance, Fantasy, Supernatural, Fiction, Romance, Paranormal Romance, Fantasy, Urban Fantasy, Young Adult, Teen",,0,Fell's Church
https://www.goodreads.com/book/show/17717.Labyrinths,17717,Labyrinths:  Selected Stories and Other Writings,Jorge Luis Borges,4522,57,4.46,1424,28281,256,1962,False,"Fiction, Short Stories, Classics, Literature, Magical Realism, Fantasy, Philosophy, Writing, Essays, Cultural, Latin American, Literary Fiction",,0,
https://www.goodreads.com/book/show/13497818-the-casual-vacancy,13497818,The Casual Vacancy,J.K. Rowling,4522,56,3.3,31577,311443,503,2012,False,"Fiction, Contemporary, Mystery, Adult, Adult Fiction, Drama, Unfinished, European Literature, British Literature, Novels, Audiobook",Goodreads Choice Award for Fiction (2012),1,Pagford
https://www.goodreads.com/book/show/95558.Solaris,95558,Solaris,Stanisław Lem,4521,60,3.99,4162,77642,204,1961,False,"Science Fiction, Fiction, Classics, European Literature, Polish Literature, Science Fiction Fantasy, Philosophy, Novels, Fantasy, Audiobook, Cultural, Poland",,0,Solaris (Planet)
https://www.goodreads.com/book/show/429138.River_God,429138,River God,Wilbur Smith,4519,58,4.19,1541,35210,664,1993,True,"Historical, Historical Fiction, Fiction, Historical, Northern Africa, Egypt, Fantasy, Adventure, Cultural, Africa, Thriller, Romance, Mystery",,0,Egypt
https://www.goodreads.com/book/show/44659.Pawn_of_Prophecy,44659,Pawn of Prophecy,David Eddings,4517,58,4.13,3149,99194,304,1982,True,"Fantasy, Fiction, Fantasy, Epic Fantasy, Young Adult, Fantasy, High Fantasy, Science Fiction Fantasy, Adventure, Fantasy, Magic, Childrens, Childrens, Middle Grade","Locus Award Nominee for Best Fantasy Novel (1983), Prix Julia Verlanger (1991), Prix Cosmos 2000 (1991)",3,
https://www.goodreads.com/book/show/5821978-the-summer-i-turned-pretty,5821978,The Summer I Turned Pretty,Jenny Han,4509,55,3.91,11713,163457,276,2009,True,"Young Adult, Romance, Contemporary, Womens Fiction, Chick Lit, Fiction, Realistic Fiction, Young Adult, Young Adult Contemporary, Young Adult, Teen, Young Adult, Young Adult Romance, Young Adult, Coming Of Age",,0,"Cousins Beach, North Carolina"
https://www.goodreads.com/book/show/30672.Darkness_at_Noon,30672,Darkness at Noon,Arthur Koestler,4505,58,4.05,1585,27106,216,1940,False,"Fiction, Classics, Historical, Historical Fiction, Politics, Cultural, Russia, Literature, Novels, Science Fiction, Dystopia, Literature, 20th Century, Thriller",,0,
https://www.goodreads.com/book/show/51019.Cat_s_Eye,51019,Cat's Eye,Margaret Atwood,4501,66,3.92,3557,62562,462,1988,False,"Fiction, Cultural, Canada, Contemporary, Literary Fiction, Novels, Classics, Literature, Feminism, Young Adult, Coming Of Age, Literature, Canadian Literature",Booker Prize Nominee (1989),1,"Toronto, Ontario, Canada, Ontario"
https://www.goodreads.com/book/show/69136.The_Book_of_Lost_Things,69136,The Book of Lost Things,John Connolly,4501,57,3.93,8024,76171,339,2006,False,"Fantasy, Fiction, Young Adult, Horror, Fantasy, Fairy Tales, Writing, Books About Books, Adventure, Mystery, Adult, Childrens","Grand Prix de l'Imaginaire for roman pour la jeunesse (2010), ALA Alex Award (2007)",2,United Kingdom
https://www.goodreads.com/book/show/22206.Lullaby,22206,Lullaby,Chuck Palahniuk,4492,58,3.73,3057,94213,260,2002,False,"Fiction, Horror, Contemporary, Fantasy, Novels, Thriller, Mystery, Dark, Literature, American, Adult",Bram Stoker Award Nominee for Best Novel (2002),1,
https://www.goodreads.com/book/show/270807.Burned,270807,Burned,Ellen Hopkins,4491,53,4.25,3828,58388,431,2006,True,"Young Adult, Poetry, Fiction, Contemporary, Romance, Realistic Fiction, Sociology, Abuse, Young Adult, Teen, Religion, Young Adult, High School",,0,Nevada
https://www.goodreads.com/book/show/54552798-the-ancestor,54552798,The Ancestor,Lee Matthew Goldberg,4476,50,4.28,252,6925,348,2020,False,"Contemporary, Drama, Fiction, Novels, Epic",,0,
https://www.goodreads.com/book/show/43015.A_Long_Way_Gone,43015,A Long Way Gone: Memoirs of a Boy Soldier,Ishmael Beah,4475,61,4.14,10996,171892,229,2007,False,"Nonfiction, Autobiography, Memoir, Cultural, Africa, Biography, War, History, Biography Memoir, Biography, Autobiography, Academic, School, Western Africa, Sierra Leone","ALA Alex Award (2008), Lincoln Award Nominee (2010), NAIBA Book of the Year for Nonfiction (2007), Bill Duthie Booksellers’ Choice Award Nominee (2008)",4,"Sierra Leone, New York City, New York"
https://www.goodreads.com/book/show/21611.The_Forever_War,21611,The Forever War,Joe Haldeman,4474,59,4.14,6098,145529,278,1974,True,"Science Fiction, Fiction, War, War, Military Fiction, Science Fiction Fantasy, Space, Space Opera, Classics, Science Fiction, Time Travel, Space, Speculative Fiction","Hugo Award for Best Novel (1976), Nebula Award for Best Novel (1975), Locus Award for Best Novel (1976), Ditmar Award for Best International Long Fiction (1976)",4,
https://www.goodreads.com/book/show/227651.Among_the_Hidden,227651,Among the Hidden,Margaret Peterson Haddix,4471,60,3.98,6277,114415,153,1998,True,"Young Adult, Science Fiction, Dystopia, Science Fiction, Fiction, Childrens, Middle Grade, Childrens, Fantasy, Adventure, Academic, School, Young Adult, Teen","Pennsylvania Young Readers' Choice Award for Grades 6-8 (2002), Dorothy Canfield Fisher Children's Book Award Nominee (2000), Sunshine State Young Readers Award for Grades 6-8 (2001), California Young Readers Medal for Middle School/Junior High (2001), Bluestem Book Award Nominee (2018)",5,
https://www.goodreads.com/book/show/14554.If_Tomorrow_Comes,14554,If Tomorrow Comes,Sidney Sheldon,4466,57,4.05,2271,63503,501,1985,True,"Fiction, Thriller, Mystery, Suspense, Romance, Mystery, Crime, Thriller, Mystery Thriller, Drama, Contemporary, Novels",,0,"New Orleans, Louisiana"
https://www.goodreads.com/book/show/12432220-the-false-prince,12432220,The False Prince,Jennifer A. Nielsen,4464,49,4.18,9490,82668,342,2012,True,"Fantasy, Young Adult, Childrens, Middle Grade, Adventure, Fiction, Young Adult, Young Adult Fantasy, Childrens, Mystery, Audiobook, Historical, Historical Fiction","Utah Book Award for Young Adult Literature (2014), Pennsylvania Young Readers' Choice Award Nominee for Grades 6-8 (2014), Rhode Island Teen Book Award Nominee (2014), Dorothy Canfield Fisher Children's Book Award Nominee (2014), California Young Readers Medal for Middle School/Junior High (2015), Louisiana Young Readers' Choice for Grades 6-8 (2015), Goodreads Choice Award Nominee for Middle Grade & Children's (2012), Oklahoma Sequoyah Award for Intermediate (2015), Rebecca Caudill Young Readers' Book Award Nominee (2015)",9,
https://www.goodreads.com/book/show/261122.The_Dead_Girls_Dance,261122,The Dead Girls' Dance,Rachel Caine,4447,67,4.04,1985,56045,248,2007,True,"Paranormal, Vampires, Young Adult, Fantasy, Paranormal, Fantasy, Fantasy, Urban Fantasy, Romance, Fantasy, Supernatural, Fiction, Romance, Paranormal Romance, Young Adult, Teen",,0,"Morganville, Texas"
https://www.goodreads.com/book/show/13530588-china-blues,13530588,China Blues,Ki Longfellow,4435,48,4.15,103,1448,456,1989,False,"Historical, Historical Fiction, Mystery, Fiction, Historical, Thriller, Mystery Thriller, Mystery, Historical Mystery, Mystery, Crime, Literature, Novels, Cultural, China",,0,"Chinatown, San Francisco, California"
https://www.goodreads.com/book/show/270805.Impulse,270805,Impulse,Ellen Hopkins,4428,52,4.27,3527,70649,666,2007,True,"Young Adult, Poetry, Fiction, Contemporary, Health, Mental Health, Realistic Fiction, Mental Health, Mental Illness, Young Adult, Teen, Romance, Sociology, Abuse","Georgia Peach Book Award (2008), Lincoln Award Nominee (2013)",2,"United States of America, Arizona"
https://www.goodreads.com/book/show/6708.The_Power_of_Now,6708,The Power of Now: A Guide to Spiritual Enlightenment,Eckhart Tolle,4425,55,4.13,10585,234676,229,1997,False,"Self Help, Nonfiction, Spirituality, Philosophy, Psychology, Self Help, Personal Development, Audiobook, Religion, Inspirational, Unfinished",,0,
https://www.goodreads.com/book/show/10194514-pushing-the-limits,10194514,Pushing the Limits,Katie McGarry,4425,51,4.05,7834,117842,392,2012,True,"Romance, Young Adult, Contemporary, New Adult, Romance, Contemporary Romance, Young Adult, High School, Realistic Fiction, Fiction, Young Adult, Young Adult Romance, Young Adult, Young Adult Contemporary","RITA Award by Romance Writers of America Nominee for First Book & Nominee for Young Adult Romance (2013), Romantic Times Reviewers' Choice Award (RT Award) Nominee for Best Young Adult Contemporary Novel (2012), Gayle Wilson Award of Excellence for Young Adult Fiction (2013), Goodreads Choice Award Nominee for Young Adult Fiction (2012), New England Chapter RWA Readers' Choice for Young Adult Fiction (2013)",5,Kentucky
https://www.goodreads.com/book/show/43933.Tell_No_One,43933,Tell No One,Harlan Coben,4415,58,4.09,5678,128701,370,2001,False,"Mystery, Thriller, Fiction, Mystery, Crime, Suspense, Thriller, Mystery Thriller, Drama, Adult, Novels, Adult Fiction","Barry Award Nominee for Best Novel (2002), Macavity Award Nominee for Best Mystery Novel (2002), Anthony Award Nominee for Best Novel (2002), Audie Award for Mystery (2002), Edgar Award Nominee for Best Novel (2002), Lincoln Award Nominee (2008), Grand Prix des lectrices de Elle for roman policier (2003)",7,United States of America
https://www.goodreads.com/book/show/37186.The_Miraculous_Journey_of_Edward_Tulane,37186,The Miraculous Journey of Edward Tulane,Kate DiCamillo,4413,54,4.34,10239,87771,200,2006,False,"Fantasy, Fiction, Childrens, Childrens, Middle Grade, Young Adult, Adventure, Animals, Childrens, Juvenile, Audiobook, Childrens, Chapter Books","Zilveren Griffel (2007), Grand Canyon Reader Award for Intermediate Book (2008), Sunshine State Young Readers Award for Grades 3-5 (2007), Pacific Northwest Library Association Young Reader's Choice Award for Junior (2009), Charlie May Simon Children's Book Award (2009), Boston Globe-Horn Book Award for Fiction and Poetry (2006), The Magnolia Award (2010), Rebecca Caudill Young Readers' Book Award Nominee (2008), Hea Lasteraamat (2019)",9,
https://www.goodreads.com/book/show/13639050-gabriel-s-rapture,13639050,Gabriel's Rapture,Sylvain Reynard,4410,54,4.22,3809,109977,386,2012,True,"Romance, Romance, Contemporary Romance, Adult Fiction, Erotica, Contemporary, Adult, New Adult, Academic, College, Romance, Erotic Romance, Fiction, Womens Fiction, Chick Lit",Goodreads Choice Award Nominee for Romance and for Goodreads Author (2012),1,"Florence, Toronto, Ontario"
https://www.goodreads.com/book/show/9915.Less_Than_Zero,9915,Less Than Zero,Bret Easton Ellis,4406,53,3.57,3552,76479,208,1985,False,"Fiction, Contemporary, Novels, Literature, American, Literature, Thriller, Literary Fiction, Classics, The United States Of America, Literature, 20th Century",,0,"Los Angeles, California, California"
https://www.goodreads.com/book/show/78129.Killing_Floor,78129,Killing Floor,Lee Child,4402,59,4.05,11084,263799,424,1997,True,"Thriller, Fiction, Mystery, Mystery, Crime, Suspense, Thriller, Mystery Thriller, Action, Audiobook, Adventure, Drama","Barry Award for Best First Novel (1998), Macavity Award Nominee for Best First Mystery Novel (1998), Anthony Award for Best First Novel (1998), Dilys Award Nominee (1998), Japan Adventure Fiction Association Prize 日本冒険小説協会大賞特別賞 for Best Translated Novel (2000)",5,"Margrave, Georgia"
https://www.goodreads.com/book/show/42447688-the-scopas-factor,42447688,The Scopas Factor,Vincent Panettiere,4398,50,4.3,41,1064,326,2018,False,"Fiction, Contemporary, Novels, Drama, Book Club, New Adult, Adult, Mystery, Crime, Action, Childrens, Middle Grade",,0,
https://www.goodreads.com/book/show/40874032-vicious,40874032,Vicious,V.E. Schwab,4395,50,4.2,18910,120666,366,2013,True,"Fantasy, Science Fiction, Fiction, Adult, Fantasy, Paranormal, Young Adult, Fantasy, Urban Fantasy, Comics, Superheroes, Adult Fiction, Fantasy, Supernatural",Goodreads Choice Award Nominee for Fantasy (2013),1,
https://www.goodreads.com/book/show/4070493-need,4070493,Need,Carrie Jones,4392,61,3.71,3709,61936,306,2008,True,"Young Adult, Fantasy, Fantasy, Paranormal, Romance, Paranormal, Fairies, Shapeshifters, Werewolves, Romance, Paranormal Romance, Fairies, Fae, Fantasy, Supernatural, Fantasy, Urban Fantasy",,0,Maine
https://www.goodreads.com/book/show/82192.The_Crystal_Cave,82192,The Crystal Cave,Mary  Stewart,4391,65,4.13,1756,42541,494,1970,True,"Fantasy, Historical, Historical Fiction, Fiction, Mythology, Arthurian, Historical, Fantasy, Mythology, Science Fiction Fantasy, Classics, Fantasy, Magic, Adventure",Mythopoeic Fantasy Award (1971),1,United Kingdom
https://www.goodreads.com/book/show/23174274-glass-sword,23174274,Glass Sword,Victoria Aveyard,4391,51,3.87,19538,225791,444,2016,True,"Fantasy, Young Adult, Science Fiction, Dystopia, Romance, Fiction, Young Adult, Young Adult Fantasy, Audiobook, Science Fiction, Fantasy, Magic, Adventure",Goodreads Choice Award Nominee for Young Adult Fantasy & Science Fiction (2016),1,
https://www.goodreads.com/book/show/4894.Who_Moved_My_Cheese_,4894,Who Moved My Cheese?,Spencer Johnson,4380,57,3.83,12952,388922,96,1998,True,"Nonfiction, Self Help, Business, Psychology, Leadership, Self Help, Personal Development, Business, Management, Philosophy, Inspirational, Audiobook",,0,
https://www.goodreads.com/book/show/597790.The_Children_of_H_rin,597790,The Children of Húrin,J.R.R. Tolkien,4376,59,3.96,3433,71446,313,2007,False,"Fantasy, Fiction, Classics, Fantasy, High Fantasy, Fantasy, Epic Fantasy, Adventure, Science Fiction Fantasy, Young Adult, Childrens, Novels",Tähtifantasia Award Nominee (2008),1,Middle-earth
https://www.goodreads.com/book/show/10204213-the-traitor-s-emblem,10204213,The Traitor's Emblem,Juan Gomez-Jurado,4373,44,3.83,304,2710,317,2008,False,"Historical, Historical Fiction, Fiction, Mystery, Thriller, Historical, Cultural, Germany, European Literature, Spanish Literature, Thriller, Mystery Thriller, Cultural, Spain, Adventure",Premio Novela Ciudad de Torrevieja (2008),1,Munich (München)
https://www.goodreads.com/book/show/517188.The_Prime_of_Miss_Jean_Brodie,517188,The Prime of Miss Jean Brodie,Muriel Spark,4368,73,3.73,2968,44357,150,1961,False,"Fiction, Classics, Historical, Historical Fiction, Cultural, Scotland, European Literature, British Literature, Novels, Literature, 20th Century, Literature, Classics, Modern Classics, Literary Fiction",,0,"Scotland, Edinburgh, Scotland"
https://www.goodreads.com/book/show/18452.The_Painted_Bird,18452,The Painted Bird,Jerzy Kosiński,4366,60,3.92,1717,22129,234,1965,False,"Fiction, Historical, Historical Fiction, Classics, War, Literature, Horror, World War II, Holocaust, War, World War II, Novels, European Literature, Polish Literature",Prix du Meilleur Livre Étranger for Essai (1966),1,
https://www.goodreads.com/book/show/21348.Aesop_s_Fables,21348,Aesop's Fables,Aesop,4355,75,4.05,2112,116420,306,-560,False,"Classics, Fiction, Short Stories, Childrens, Fantasy, Literature, Fantasy, Mythology, Fantasy, Fairy Tales, Philosophy, Folklore",,0,
https://www.goodreads.com/book/show/34517.Reaper_Man,34517,Reaper Man,Terry Pratchett,4353,61,4.25,2831,88731,352,1991,True,"Fantasy, Fiction, Humor, Humor, Comedy, Science Fiction Fantasy, Young Adult, Audiobook, Childrens, Adventure, Death",,0,"Discworld, Ankh-Morpork"
https://www.goodreads.com/book/show/213753.Life_As_We_Knew_It,213753,Life As We Knew It,Susan Beth Pfeffer,4349,59,3.87,9883,120674,337,2006,True,"Young Adult, Science Fiction, Dystopia, Science Fiction, Fiction, Apocalyptic, Post Apocalyptic, Adventure, Survival, Science Fiction, Apocalyptic, Young Adult, Teen, Fantasy, Audiobook","Buxtehuder Bulle (2010), South Carolina Book Award Nominee for Young Adult Book (2009), Rhode Island Teen Book Award Nominee (2008), Evergreen Teen Book Award (2009), The Inky Awards Nominee for Silver Inky (2008), California Young Readers Medal Nominee for Young Adult (2009), Andre Norton Award Nominee (2006), Missouri Truman Readers Award (2009), Missouri Gateway Readers Award Nominee (2009), Rebecca Caudill Young Readers' Book Award Nominee (2009)",10,"Pennsylvania, Howell, Pennsylvania"
https://www.goodreads.com/book/show/18386.The_Death_of_Ivan_Ilych,18386,The Death of Ivan Ilych,Leo Tolstoy,4348,55,4.09,6096,103150,86,1886,False,"Classics, Fiction, Cultural, Russia, Literature, Russian Literature, Literature, Short Stories, Philosophy, Literature, 19th Century, Novels, Novella",,0,
https://www.goodreads.com/book/show/7905092-freedom,7905092,Freedom,Jonathan Franzen,4344,53,3.76,13925,155392,562,2010,False,"Fiction, Contemporary, Novels, Literary Fiction, Literature, Literature, American, Adult Fiction, Family, Audiobook, Book Club","Warwick Prize for Writing Nominee for Longlist (2013), Los Angeles Times Book Prize Nominee for Fiction (2010), Chicago Tribune Heartland Prize for Fiction (2011), National Book Critics Circle Award Nominee for Fiction (2010), Bad Sex in Fiction Award Nominee (2010), John Gardner Book Award for Fiction (2011), Goodreads Choice Award Nominee for Favorite Book and for Fiction (2010)",7,
https://www.goodreads.com/book/show/19117.Fathers_and_Sons,19117,Fathers and Sons,Ivan Turgenev,4341,55,3.96,2591,73572,244,1862,False,"Classics, Fiction, Cultural, Russia, Literature, Russian Literature, Literature, Literature, 19th Century, Novels, Historical, Historical Fiction, Philosophy, Literary Fiction",,0,Russian Empire
https://www.goodreads.com/book/show/9539.The_Shadow_Rising,9539,The Shadow Rising,Robert Jordan,4340,60,4.23,3880,181124,1007,1992,True,"Fantasy, Fiction, Fantasy, Epic Fantasy, Science Fiction Fantasy, Fantasy, High Fantasy, Adventure, Epic, Audiobook, Young Adult, Fantasy, Magic",,0,
https://www.goodreads.com/book/show/33590260-kingdom-of-ash,33590260,Kingdom of Ash,Sarah J. Maas,4335,50,4.57,18113,165560,984,2018,True,"Fantasy, Young Adult, Romance, New Adult, Fantasy, Magic, Young Adult, Young Adult Fantasy, Fairies, Fae, Fiction, Fantasy, High Fantasy, Fantasy, Paranormal",Goodreads Choice Award for Young Adult Fantasy & Science Fiction (2018),1,
https://www.goodreads.com/book/show/5152478-wintergirls,5152478,Wintergirls,Laurie Halse Anderson,4328,55,3.96,9162,111126,278,2009,False,"Young Adult, Contemporary, Fiction, Realistic Fiction, Health, Mental Health, Mental Health, Mental Illness, Young Adult, Teen, Death, Young Adult, High School, Young Adult, Young Adult Contemporary","Romantic Times Reviewers' Choice Award (RT Award) Nominee for Best Young Adult Novel (2009), Rhode Island Teen Book Award Nominee (2011), Milwaukee County Teen Book Award (2010), Michigan Library Association Thumbs Up! Award Nominee (2010), Iowa High School Book Award Nominee (2011), Lincoln Award Nominee (2014), CYBILS Award Nominee for Young Adult Fiction (2009), Literaturpreis der Jury der jungen Leser for Cover (2011), Goodreads Choice Award Nominee for Young Adult Fiction (2009), Premio El Templo de las Mil Puertas Nominee for Mejor novela extranjera independiente (2010)",10,New Hampshire
https://www.goodreads.com/book/show/33516773-big-little-lies,33516773,Big Little Lies,Liane Moriarty,4318,52,4.28,47182,795557,460,2014,False,"Fiction, Mystery, Contemporary, Womens Fiction, Chick Lit, Audiobook, Adult, Thriller, Thriller, Mystery Thriller, Adult Fiction, Cultural, Australia","Davitt Award for Best Adult Novel (2015), Australian Book Industry Award (ABIA) Nominee for General Fiction (2015), Goodreads Choice Award Nominee for Fiction (2014)",3,"Sydney, New South Wales"
https://www.goodreads.com/book/show/321645.Kissed_by_an_Angel_The_Power_of_Love_Soulmates,321645,Kissed by an Angel/The Power of Love/Soulmates,Elizabeth Chandler,4306,56,4.08,1729,25521,690,1995,True,"Young Adult, Romance, Paranormal, Angels, Fantasy, Fantasy, Paranormal, Mystery, Fiction, Romance, Paranormal Romance, Fantasy, Supernatural, Young Adult, Teen",,0,
https://www.goodreads.com/book/show/7278752-dolores-claiborne,7278752,Dolores Claiborne,Stephen King,4300,68,3.88,3258,130861,384,1992,False,"Horror, Fiction, Thriller, Mystery, Suspense, Mystery, Crime, Audiobook, Thriller, Mystery Thriller, Drama, Adult",,0,Little Tall Island
https://www.goodreads.com/book/show/38743.All_Things_Bright_and_Beautiful,38743,All Things Bright and Beautiful,James Herriot,4299,70,4.3,1230,70164,378,1974,True,"Nonfiction, Animals, Autobiography, Memoir, Biography, Classics, Humor, Biography, Autobiography, Biography Memoir, European Literature, British Literature, Environment, Nature",California Young Readers Medal Nominee for Young Adult (1977),1,"United Kingdom, Yorkshire, England"
https://www.goodreads.com/book/show/40949958-treacherous-estate,40949958,Treacherous Estate,Behcet Kaya,4297,48,4.28,63,6973,314,2018,False,"Fiction, Contemporary, Novels, Drama, Epic",,0,
https://www.goodreads.com/book/show/15753740-the-storyteller,15753740,The Storyteller,Jodi Picoult,4294,50,4.27,17171,180016,461,2013,False,"Fiction, Historical, Historical Fiction, World War II, Holocaust, Historical, Contemporary, Adult Fiction, War, World War II, Adult, War, Drama",Goodreads Choice Award Nominee for Fiction (2013),1,"Westerbrook, New Hampshire, New Hampshire, Poland, Lodz"
https://www.goodreads.com/book/show/29056083-harry-potter-and-the-cursed-child,29056083,Harry Potter and the Cursed Child: Parts One and Two,John Tiffany,4293,57,3.59,66266,756486,343,2016,True,"Fantasy, Fiction, Young Adult, Plays, Fantasy, Magic, Adventure, Drama, Childrens, Science Fiction, Time Travel, Childrens, Middle Grade","Australian Book Industry Award (ABIA) Nominee for International Book (2017), Goodreads Choice Award for Fantasy (2016), Waterstones Book of the Year Nominee (2016)",3,
https://www.goodreads.com/book/show/6339989-vampire-academy-collection,6339989,Vampire Academy Collection,Richelle Mead,4286,59,4.61,212,33801,1120,2009,True,"Paranormal, Vampires, Fantasy, Young Adult, Fantasy, Paranormal, Romance, Fantasy, Supernatural, Romance, Paranormal Romance, Fiction, Young Adult, Young Adult Fantasy, Fantasy, Urban Fantasy",,0,
https://www.goodreads.com/book/show/17184.The_Invisible_Man,17184,The Invisible Man,H.G. Wells,4275,65,3.64,6648,156226,192,1897,False,"Classics, Science Fiction, Fiction, Fantasy, Horror, Literature, Audiobook, Novels, Science Fiction Fantasy, Literature, 19th Century",,0,United Kingdom
https://www.goodreads.com/book/show/17617277-real,17617277,Real,Katy Evans,4274,52,4.19,7476,101808,293,2013,True,"Romance, New Adult, Contemporary, Romance, Contemporary Romance, Sports, Sports, Warfare, Fighters, Adult Fiction, Erotica, Contemporary Romance, Sports Romance, Adult, Romance, Erotic Romance",Goodreads Choice Award Nominee for Romance and for Debut Author (2013),1,
https://www.goodreads.com/book/show/24830.The_Illustrated_Man,24830,The Illustrated Man,Ray Bradbury,4273,67,4.12,4127,84329,186,1951,False,"Science Fiction, Short Stories, Fiction, Classics, Fantasy, Horror, Science Fiction Fantasy, Literature, Anthologies, Literature, American","International Fantasy Award Nominee for Fiction (1952), Analog Award Nominee for All-Time Best Book (1952)",2,
https://www.goodreads.com/book/show/431.The_New_York_Trilogy,431,The New York Trilogy,Paul Auster,4269,53,3.87,3464,65475,308,1987,True,"Fiction, Mystery, Literature, American, Novels, Contemporary, Literature, New York, The United States Of America, Mystery, Crime, Classics",,0,"Manhattan, New York City, New York, New York City, New York"
https://www.goodreads.com/book/show/91203.Three_Comrades,91203,Three Comrades,Erich Maria Remarque,4265,52,4.49,772,26289,496,1936,False,"Classics, Fiction, European Literature, German Literature, Historical, Historical Fiction, War, Cultural, Germany, Literature, Novels, Historical, Drama",,0,"Berlin, Paris"
https://www.goodreads.com/book/show/6507691-the-manufactured-identity,6507691,The Manufactured Identity,Heath Sommer,4256,43,3.53,114,422,305,2009,True,"Mystery, Fiction, Psychology, Thriller, Thriller, Mystery Thriller, Suspense, Thriller, Psychological Thriller, Contemporary, Historical, Historical Fiction, Mystery, Crime",,0,United States of America
https://www.goodreads.com/book/show/147915.A_Storm_of_Swords,147915,A Storm of Swords: Blood and Gold,George R.R. Martin,4253,56,4.5,2424,86341,639,2000,True,"Fantasy, Fiction, Fantasy, Epic Fantasy, Fantasy, High Fantasy, Adventure, Young Adult, Childrens, Adult, Fantasy, Dragons, Childrens, Middle Grade",Tähtifantasia Award Nominee (2007),1,
https://www.goodreads.com/book/show/112537.Rendezvous_with_Rama,112537,Rendezvous with Rama,Arthur C. Clarke,4247,55,4.1,4225,139142,243,1973,True,"Science Fiction, Fiction, Classics, Science Fiction Fantasy, Space, Science Fiction, Aliens, Hugo Awards, Novels, Audiobook, Fantasy","Hugo Award for Best Novel (1974), Nebula Award for Best Novel (1973), Locus Award for Best Novel (1974), British Science Fiction Association Award for Novel (1973), Jupiter Award for Best Novel (1974), John W. Campbell Memorial Award for Best Science Fiction Novel (1974), Seiun Award 星雲賞 for Best Foreign Novel (1980)",7,
https://www.goodreads.com/book/show/48464.A_Good_Man_is_Hard_to_Find_and_Other_Stories,48464,A Good Man is Hard to Find and Other Stories,Flannery O'Connor,4231,64,4.21,2377,39804,252,1955,False,"Short Stories, Fiction, Classics, Gothic, Southern Gothic, Literature, American, Southern, Literature, American, Gothic, Literary Fiction, Literature, 20th Century",,0,
https://www.goodreads.com/book/show/17803.After_Dark,17803,After Dark,Haruki Murakami,4230,50,3.71,8005,117599,191,2004,False,"Fiction, Cultural, Japan, Asian Literature, Japanese Literature, Magical Realism, Contemporary, Novels, Literature, Fantasy, Cultural, Asia, Literature, Asian Literature",International Dublin Literary Award Nominee (2009),1,Tokyo
https://www.goodreads.com/book/show/95617.A_Voice_in_the_Wind,95617,A Voice in the Wind,Francine Rivers,4226,51,4.56,3498,77505,520,1993,True,"Christian Fiction, Historical, Historical Fiction, Christian, Fiction, Romance, Historical, Romance, Historical Romance, Adult, Romance, Christian Romance, Religion",,0,
https://www.goodreads.com/book/show/27208.The_Third_Policeman,27208,The Third Policeman,Flann O'Brien,4223,55,4.0,1822,16776,200,1967,False,"Fiction, European Literature, Irish Literature, Cultural, Ireland, Fantasy, Classics, Humor, Novels, Literature, Mystery, Literature, 20th Century","Tähtivaeltaja Award (1989), Premi Llibreter de narrativa Nominee (2007)",2,Ireland
https://www.goodreads.com/book/show/284440.Skulduggery_Pleasant,284440,Skulduggery Pleasant,Derek Landy,4221,49,4.13,4395,57357,392,2007,True,"Fantasy, Young Adult, Mystery, Fiction, Fantasy, Urban Fantasy, Fantasy, Magic, Adventure, Childrens, Middle Grade, Fantasy, Paranormal, Childrens","Mythopoeic Fantasy Award Nominee for Children's Literature (2008), Odyssey Award Nominee (2008), Red House Children's Book Award for Older Readers & Overall (2008), Bolton Children's Book Award (2008), California Young Readers Medal Nominee for Middle School/Junior High (2011), Carnegie Medal Nominee (2008)",6,Ireland
https://www.goodreads.com/book/show/15575.The_Sword_of_Shannara,15575,The Sword of Shannara,Terry Brooks,4218,59,3.76,4198,90916,726,1977,True,"Fantasy, Fiction, Fantasy, Epic Fantasy, Science Fiction Fantasy, Young Adult, Fantasy, High Fantasy, Adventure, Fantasy, Magic, Childrens, Adult",Locus Award Nominee for Best Fantasy Novel (1978),1,
https://www.goodreads.com/book/show/133430.Centennial,133430,Centennial,James A. Michener,4212,63,4.24,884,39748,1056,1974,False,"Historical, Historical Fiction, Fiction, Historical, Westerns, Classics, Adventure, Epic, Novels, North American Hi..., American History, Literature",,0,"Centennial, Colorado"
https://www.goodreads.com/book/show/139069.Endurance,139069,Endurance: Shackleton's Incredible Voyage,Alfred Lansing,4211,56,4.38,6344,92403,282,1959,False,"Nonfiction, History, Adventure, Biography, Travel, Audiobook, Adventure, Survival, Historical, Leadership, Environment, Nature",National Book Award Finalist for Nonfiction (1960),1,
https://www.goodreads.com/book/show/540020.The_Day_of_the_Jackal,540020,The Day of the Jackal,Frederick Forsyth,4209,61,4.26,2128,123303,358,1971,False,"Fiction, Thriller, Mystery, Mystery, Crime, Spy Thriller, Espionage, Suspense, Historical, Historical Fiction, Drama, Thriller, Mystery Thriller, Novels","Martin Beck Award (1972), Edgar Award for Best Novel (1972)",2,"France, Paris"
https://www.goodreads.com/book/show/56759.The_Mayor_of_Casterbridge,56759,The Mayor of Casterbridge,Thomas Hardy,4200,72,3.84,2313,55567,445,1886,False,"Classics, Fiction, Literature, Literature, 19th Century, European Literature, British Literature, Novels, Historical, Victorian, Historical, Historical Fiction, Classics, Classic Literature, Literary Fiction",,0,"United Kingdom, Wessex, England, Casterbridge, England"
https://www.goodreads.com/book/show/11607446-the-wishing-spell,11607446,The Wishing Spell,Chris Colfer,4198,50,4.24,8806,105112,438,2012,True,"Fantasy, Childrens, Middle Grade, Childrens, Fiction, Young Adult, Fantasy, Fairy Tales, Adventure, Audiobook, Fantasy, Magic, Retellings",Goodreads Choice Award Nominee for Middle Grade & Children's (2012),1,
https://www.goodreads.com/book/show/10626594-the-scorpio-races,10626594,The Scorpio Races,Maggie Stiefvater,4198,52,4.06,13192,104497,409,2011,False,"Fantasy, Young Adult, Romance, Fiction, Fantasy, Mythology, Audiobook, Young Adult, Young Adult Fantasy, Fantasy, Paranormal, Adventure, Young Adult, Teen","Mythopoeic Fantasy Award Nominee for Children's Literature (2012), Odyssey Award Nominee (2012), Los Angeles Times Book Prize Nominee for Young Adult Literature (2011), Michael L. Printz Award Nominee (2012), Milwaukee County Teen Book Award Nominee (2013), The Inky Awards Nominee for Silver Inky (2012), Carnegie Medal Nominee (2013), Premio El Templo de las Mil Puertas for Mejor novela extranjera independiente (2013)",8,Thisby
https://www.goodreads.com/book/show/27883214-caraval,27883214,Caraval,Stephanie Garber,4196,45,3.96,24871,173684,432,2017,True,"Fantasy, Young Adult, Romance, Fiction, Young Adult, Young Adult Fantasy, Fantasy, Magic, Mystery, Audiobook, Adventure, Fantasy, High Fantasy","Rhode Island Teen Book Award Nominee (2020), Goodreads Choice Award Nominee for Young Adult Fantasy & Science Fiction & for Debut Goodreads Author (2017)",2,
https://www.goodreads.com/book/show/5954.Narcissus_and_Goldmund,5954,Narcissus and Goldmund,Hermann Hesse,4194,53,4.22,2122,47914,320,1930,False,"Fiction, Classics, Philosophy, European Literature, German Literature, Literature, Novels, Cultural, Germany, Historical, Historical Fiction, Literature, 20th Century, Spirituality",Schlegel-Tieck Prize Nominee for Leila Vennewitz (1994),1,Mariabronn
https://www.goodreads.com/book/show/68783.Girl_Interrupted,68783,"Girl, Interrupted",Susanna Kaysen,4193,58,3.9,4869,187722,169,1993,False,"Nonfiction, Autobiography, Memoir, Psychology, Health, Mental Health, Mental Health, Mental Illness, Biography, Biography Memoir, Biography, Autobiography, Classics, Adult",,0,
https://www.goodreads.com/book/show/32585.Hunger,32585,Hunger,Knut Hamsun,4193,51,4.05,3193,44644,134,1890,False,"Fiction, Classics, Literature, Novels, European Literature, Scandinavian Literature, Literature, 19th Century, Nobel Prize, Philosophy, Literary Fiction, Drama",,0,Kristiania (Oslo)
https://www.goodreads.com/book/show/16160797-the-cuckoo-s-calling,16160797,The Cuckoo's Calling,Robert Galbraith,4185,49,3.86,34039,505650,456,2013,True,"Mystery, Fiction, Mystery, Crime, Thriller, Thriller, Mystery Thriller, Audiobook, Adult, Contemporary, Mystery, Detective, Adult Fiction","Anthony Award for Best Audio Book (2014), Los Angeles Times Book Prize for Mystery/Thriller (2013), Goodreads Choice Award Nominee for Mystery & Thriller (2013)",3,"London, England"
https://www.goodreads.com/book/show/15731779-entwined-with-you,15731779,Entwined with You,Sylvia Day,4182,53,4.19,10171,183445,356,2013,True,"Romance, Adult Fiction, Erotica, Contemporary, Romance, Contemporary Romance, Adult, Romance, Erotic Romance, Erotica, BDSM, Fiction, New Adult, Womens Fiction, Chick Lit",Goodreads Choice Award Nominee for Romance (2013),1,New York State
https://www.goodreads.com/book/show/7572.Even_Cowgirls_Get_the_Blues,7572,Even Cowgirls Get the Blues,Tom Robbins,4179,68,3.77,1848,50240,366,1976,False,"Fiction, Humor, Novels, Literature, Contemporary, Magical Realism, Literary Fiction, Literature, American, Adult, Adult Fiction",Washington State Book Award (1977),1,
https://www.goodreads.com/book/show/28381.Dead_Souls,28381,Dead Souls,Nikolai Gogol,4179,59,3.97,2685,69991,464,1842,False,"Classics, Fiction, Cultural, Russia, Literature, Russian Literature, Literature, Novels, Literature, 19th Century, Historical, Historical Fiction, Humor, Classics, Classic Literature",,0,Russian Empire
https://www.goodreads.com/book/show/331920.Flipped,331920,Flipped,Wendelin Van Draanen,4177,54,3.95,7737,101247,212,2001,False,"Young Adult, Romance, Fiction, Contemporary, Realistic Fiction, Childrens, Middle Grade, Childrens, Young Adult, Teen, Young Adult, Coming Of Age, Humor","South Carolina Book Award for Junior Book Award (2004), Nevada Young Readers' Award, Dorothy Canfield Fisher Children's Book Award Nominee (2003), California Young Readers Medal for Middle School/Junior High (2004), Judy Lopez Memorial Award for Children's Literature Nominee (2002), Virginia Reader's Choice for Middle (2003)",6,
https://www.goodreads.com/book/show/5695.Demons,5695,Demons,Fyodor Dostoyevsky,4173,49,4.28,1776,39274,733,1872,False,"Classics, Fiction, Cultural, Russia, Literature, Russian Literature, Literature, Philosophy, Novels, Literature, 19th Century, Classics, Classic Literature, Politics",,0,Russia
https://www.goodreads.com/book/show/1379961.People_of_the_Book,1379961,People of the Book,Geraldine Brooks,4172,61,4.01,11658,128919,372,2008,False,"Historical, Historical Fiction, Fiction, Historical, Writing, Books About Books, Mystery, Book Club, Literature, Jewish, Religion, Adult Fiction, Audiobook","National Jewish Book Award Nominee (2008), Massachusetts Book Award for Fiction (2009), Prime Minister's Literary Awards Nominee for Fiction (2009), Barbara Jefferis Award Nominee (2009), Australian Book Industry Award (ABIA) for Literary Fiction and for Book of the Year (2008), Mary Shelley Award for Outstanding Fictional Work (2009), International Dublin Literary Award Nominee (2010)",7,"Sarajevo, Sarajevo, Bosnia and Herzegovina"
https://www.goodreads.com/book/show/9659607-the-iron-knight,9659607,The Iron Knight,Julie Kagawa,4166,52,4.18,4720,80784,400,2011,True,"Fantasy, Young Adult, Romance, Fantasy, Paranormal, Fairies, Fae, Paranormal, Fairies, Fantasy, Magic, Fantasy, Urban Fantasy, Young Adult, Young Adult Fantasy, Fiction",Goodreads Choice Award Nominee for Young Adult Fantasy & Science Fiction (2011),1,Nevernever
https://www.goodreads.com/book/show/27252.Pope_Joan,27252,Pope Joan,Donna Woolfolk Cross,4165,55,4.07,4653,66660,422,1996,False,"Historical, Historical Fiction, Fiction, Historical, Religion, Book Club, Historical, Medieval, Cultural, Italy, Adult, Adult Fiction, Womens",,0,Rome
https://www.goodreads.com/book/show/23754.Preludes_Nocturnes,23754,Preludes & Nocturnes,Neil Gaiman,4163,59,4.23,6564,222168,233,1991,True,"Sequential Art, Graphic Novels, Sequential Art, Comics, Fantasy, Fiction, Horror, Graphic Novels Comics, Comics, Comic Book, Fantasy, Mythology, Fantasy, Urban Fantasy, Adult",,0,
https://www.goodreads.com/book/show/35879147-betrayal-of-faith,35879147,Betrayal of Faith,Mark M. Bello,4152,46,4.31,59,6873,496,2017,True,"Contemporary, Fiction, Drama, Novels, Epic",,0,
https://www.goodreads.com/book/show/13312527-the-opportunist,13312527,The Opportunist,Tarryn Fisher,4150,45,4.21,6071,49387,278,2011,True,"Romance, New Adult, Contemporary, Romance, Contemporary Romance, Adult, Womens Fiction, Chick Lit, Drama, Fiction, Academic, College, Young Adult",,0,Florida
https://www.goodreads.com/book/show/25701594-complicate-me,25701594,Complicate Me,M.  Robinson,4146,42,4.02,1169,9755,397,2015,True,"Romance, New Adult, Romance, Contemporary Romance, Contemporary, Academic, College, Young Adult, Young Adult, High School, Young Adult, Coming Of Age, Drama, Adult",,0,
https://www.goodreads.com/book/show/50365.A_Suitable_Boy,50365,A Suitable Boy,Vikram Seth,4145,52,4.12,2486,43571,1474,1993,True,"Fiction, Cultural, India, Historical, Historical Fiction, Asian Literature, Indian Literature, Classics, Romance, Cultural, Asia, Historical, Novels, Literary Fiction","WH Smith Literary Award (1994), Commonwealth Writers' Prize for Best Book Overall (1994)",2,"Delhi, Kanpur, Calcutta, Brahmapur, India"
https://www.goodreads.com/book/show/7933292-heaven-is-for-real,7933292,Heaven is for Real: A Little Boy's Astounding Story of His Trip to Heaven and Back,Todd Burpo,4143,57,4.01,15086,285672,162,2010,False,"Nonfiction, Christian, Religion, Inspirational, Spirituality, Autobiography, Memoir, Biography, Religion, Faith, Religion, Christianity, Christian, Christian Non Fiction",,0,
https://www.goodreads.com/book/show/30186948-think-and-grow-rich,30186948,Think and Grow Rich,Napoleon Hill,4132,51,4.17,7433,239454,233,1937,False,"Business, Self Help, Nonfiction, Economics, Finance, Self Help, Personal Development, Psychology, Currency, Money, Finance, Personal Finance, Philosophy, Business, Entrepreneurship",,0,
https://www.goodreads.com/book/show/5166.Midwives,5166,Midwives,Chris Bohjalian,4124,67,3.99,4479,152206,384,1997,False,"Fiction, Contemporary, Adult Fiction, Book Club, Adult, Womens Fiction, Chick Lit, Mystery, Novels, Historical, Historical Fiction, Drama",,0,Vermont
https://www.goodreads.com/book/show/2479827.Eragon_Eldest_Brisingr,2479827,"Eragon, Eldest & Brisingr",Christopher Paolini,4121,65,4.23,646,32773,1952,2008,True,"Fantasy, Young Adult, Fiction, Fantasy, Dragons, Fantasy, Magic, Adventure, Science Fiction Fantasy, Fantasy, Epic Fantasy, Childrens, Fantasy, High Fantasy",,0,
https://www.goodreads.com/book/show/8073.Cloudy_With_a_Chance_of_Meatballs,8073,Cloudy With a Chance of Meatballs,Judi Barrett,4118,62,4.16,2272,132903,32,1978,True,"Childrens, Picture Books, Childrens, Fiction, Fantasy, Classics, Food and Drink, Food, Humor, Kids, Childrens, Juvenile, Science Fiction Fantasy",California Young Readers Medal Nominee for Primary (1982),1,
https://www.goodreads.com/book/show/15812814-crossed,15812814,Crossed,Ally Condie,4114,55,3.53,15235,221930,367,2011,True,"Young Adult, Science Fiction, Dystopia, Romance, Science Fiction, Fiction, Fantasy, Young Adult, Teen, Adventure, Audiobook, Apocalyptic, Post Apocalyptic",,0,
https://www.goodreads.com/book/show/8520610-quiet,8520610,Quiet: The Power of Introverts in a World That Can't Stop Talking,Susan Cain,4114,51,4.06,24613,348244,352,2012,False,"Nonfiction, Psychology, Self Help, Science, Business, Audiobook, Self Help, Personal Development, Sociology, Leadership, Adult","Guardian First Book Award Nominee for Longlist (2012), Andrew Carnegie Medal Nominee for Nonfiction (Shortlist) (2015), Goodreads Choice Award for Nonfiction (2012)",3,
https://www.goodreads.com/book/show/11559200-shadow-of-night,11559200,Shadow of Night,Deborah Harkness,4108,52,4.05,16520,199535,584,2012,True,"Fantasy, Fiction, Romance, Fantasy, Paranormal, Historical, Historical Fiction, Paranormal, Vampires, Paranormal, Witches, Science Fiction, Time Travel, Fantasy, Magic, Fantasy, Urban Fantasy",Goodreads Choice Award for Paranormal Fantasy and Nominee for Goodreads Author (2012),1,"London, England, Saint Lucien, Prague (Praha)"
https://www.goodreads.com/book/show/15858248-wallbanger,15858248,Wallbanger,Alice Clayton,4107,52,4.03,13795,184278,384,2012,True,"Romance, Contemporary, Romance, Contemporary Romance, Humor, New Adult, Adult, Womens Fiction, Chick Lit, Adult Fiction, Erotica, Fiction, Humor, Comedy",Goodreads Choice Award Nominee for Humor (2013),1,"San Francisco, California"
https://www.goodreads.com/book/show/10073506-tinker-tailor-soldier-spy,10073506,"Tinker, Tailor, Soldier, Spy",John le Carré,4099,62,4.04,4319,80245,381,1974,True,"Fiction, Mystery, Thriller, Spy Thriller, Espionage, Classics, Mystery, Crime, Suspense, Thriller, Mystery Thriller, Novels, Thriller, Spy Thriller",,0,"London, England"
https://www.goodreads.com/book/show/7742.Ahab_s_Wife_or_The_Star_Gazer,7742,"Ahab's Wife, or The Star-Gazer",Sena Jeter Naslund,4072,53,4.03,2725,43114,704,1999,False,"Fiction, Historical, Historical Fiction, Historical, Literature, Adult Fiction, Novels, Literary Fiction, Book Club, Adult, Unfinished","Orange Prize Nominee for Fiction Longlist (2001), Book Sense Book of the Year Award Nominee for Adult (2000), Alabama Author Award for Fiction (2001)",3,United States of America
https://www.goodreads.com/book/show/22242097-honor-and-polygamy,22242097,Honor and Polygamy,Omar Farhad,4071,43,4.25,42,162,132,2014,False,"Fiction, Polyamory, Polygamy, Politics",,0,
https://www.goodreads.com/book/show/89959.The_Constitution_of_the_United_States_of_America,89959,The Constitution of the United States of America,Founding Fathers,4069,61,4.53,597,25400,30,1787,False,"History, Nonfiction, Politics, Classics, Philosophy, Law, Reference, North American Hi..., American History, Historical, Politics, Political Science",,0,United States of America
https://www.goodreads.com/book/show/20758103-the-ask-and-the-answer,20758103,The Ask and the Answer,Patrick Ness,4064,47,4.18,7179,81358,553,2009,True,"Young Adult, Science Fiction, Dystopia, Science Fiction, Fantasy, Fiction, Adventure, Young Adult, Teen, Science Fiction, Aliens, Romance, War","Locus Award Nominee for Best Young Adult Novel (2010), Costa Book Award for Children's Book (2009), Carnegie Medal Nominee (2010)",3,New World
https://www.goodreads.com/book/show/23316548-the-book-of-negroes,23316548,The Book of Negroes,Lawrence Hill,4030,50,4.43,6433,78240,512,2007,False,"Historical, Historical Fiction, Fiction, Cultural, Canada, Historical, Cultural, Africa, Cultural, African American, Adult Fiction, Book Club, Adult, Literature","Scotiabank Giller Prize Nominee (2007), Gustavus Myers Outstanding Book Award (2009), Hurston/Wright Legacy Award Nominee for Fiction (2008), Commonwealth Writers' Prize for Best Book Overall (2008), CBC Canada Reads (2009), Rogers Writers' Trust Fiction Prize (2007), OLA Evergreen Award (2008)",7,"United States of America, London, England, Canada, Nova Scotia, Sierra Leone"
https://www.goodreads.com/book/show/111450.Quidditch_Through_the_Ages,111450,Quidditch Through the Ages,Kennilworthy Whisp,4028,61,3.83,5669,158467,56,2001,False,"Fantasy, Young Adult, Fiction, Childrens, Fantasy, Magic, Childrens, Middle Grade, Short Stories, Audiobook, Science Fiction Fantasy, Young Adult, Young Adult Fantasy",,0,
https://www.goodreads.com/book/show/7826803-wolf-hall,7826803,Wolf Hall,Hilary Mantel,4028,57,3.87,16557,179253,604,2009,True,"Historical, Historical Fiction, Fiction, Historical, European Literature, British Literature, Audiobook, Literary Fiction, Novels, Unfinished, Literature, English History, Tudor Period","Booker Prize (2009), Orange Prize Nominee for Fiction Shortlist (2010), James Tait Black Memorial Prize Nominee for Fiction (2009), Costa Book Award Nominee for Novel  (2009), Magnesia Litera Nominee for Translation (Litera za překladovou knihu) (2011), Audie Award for Literary Fiction (2010), National Book Critics Circle Award for Fiction (2009), Walter Scott Prize (2010), Golden Man Booker Prize Nominee (2018), The Rooster -- The Morning News Tournament of Books (2010)",10,"England, Putney, England, London, England"
https://www.goodreads.com/book/show/71865.Tomorrow_When_the_War_Began,71865,"Tomorrow, When the War Began",John Marsden,4015,47,4.05,3055,49323,276,1993,True,"Young Adult, Fiction, Science Fiction, Dystopia, Science Fiction, Adventure, War, Adventure, Survival, Cultural, Australia, Apocalyptic, Post Apocalyptic, Young Adult, Teen","Canberra's Own Outstanding List (COOL) Awards for Section 3 Fiction for Older Readers - Joint Winner (1996), Books I Loved Best Yearly (BILBY) Awards for Older Readers  (1998), West Australian Young Readers' Book Award (WAYRBA) for Older Readers (1995)",3,Australia
https://www.goodreads.com/book/show/106085.Masquerade,106085,Masquerade,Melissa de la Cruz,4008,58,3.9,2146,89849,307,2007,True,"Young Adult, Paranormal, Vampires, Fantasy, Fantasy, Paranormal, Romance, Fantasy, Supernatural, Paranormal, Angels, Fantasy, Urban Fantasy, Fiction, Romance, Paranormal Romance",,0,
https://www.goodreads.com/book/show/51476294-adhaata-asao-s-liege,51476294,Adhaata Asao's Liege,Afroz  Alam,3998,40,4.66,87,128,174,2020,False,Fantasy,,0,
https://www.goodreads.com/book/show/12543.Bird_by_Bird,12543,Bird by Bird: Some Instructions on Writing and Life,Anne Lamott,3996,60,4.23,7825,82855,237,1994,False,"Language, Writing, Nonfiction, Autobiography, Memoir, Self Help, Writing, Essays, Reference, Biography, Audiobook, Humor, Art, Crafts",,0,
https://www.goodreads.com/book/show/49540.Les_Liaisons_dangereuses,49540,Les Liaisons dangereuses,Pierre Choderlos de Laclos,3996,56,4.07,1654,44857,448,1782,False,"Classics, Fiction, Cultural, France, European Literature, French Literature, Romance, Historical, Historical Fiction, Literature, Literature, 18th Century, Novels, Historical",,0,Paris
https://www.goodreads.com/book/show/13148.Kiss_the_Girls,13148,Kiss the Girls,James Patterson,3984,59,3.97,3607,319319,481,1995,True,"Mystery, Fiction, Thriller, Mystery, Crime, Suspense, Thriller, Mystery Thriller, Drama, Mystery, Detective, Adult, Novels",,0,"Los Angeles, California"
https://www.goodreads.com/book/show/35167685-surely-you-re-joking-mr-feynman,35167685,"""Surely You're Joking, Mr. Feynman!"": Adventures of a Curious Character",Richard P. Feynman,3975,50,4.26,6192,167257,400,1985,True,"Science, Nonfiction, Biography, Science, Physics, Autobiography, Memoir, Biography, Autobiography, Humor, History, Biography Memoir, Audiobook",,0,
https://www.goodreads.com/book/show/11553.Boy_s_Life,11553,Boy's Life,Robert R. McCammon,3969,49,4.36,3050,27230,580,1991,False,"Horror, Fiction, Fantasy, Mystery, Young Adult, Coming Of Age, Magical Realism, Young Adult, Thriller, Historical, Historical Fiction, Adventure","Bram Stoker Award for Best Novel (1991), World Fantasy Award for Best Novel (1992), Japan Adventure Fiction Association Prize 日本冒険小説協会大賞特別賞 for Best Translated Novel (1995)",3,"Zephyr, Alabama, Alabama"
https://www.goodreads.com/book/show/9961796-lola-and-the-boy-next-door,9961796,Lola and the Boy Next Door,Stephanie Perkins,3962,47,3.94,14583,152582,338,2011,True,"Young Adult, Romance, Contemporary, Womens Fiction, Chick Lit, Fiction, Realistic Fiction, Young Adult, Young Adult Contemporary, Young Adult, Young Adult Romance, Romance, Contemporary Romance, Young Adult, Teen","The Inky Awards Nominee for Silver Inky (2012), Goodreads Choice Award Nominee for Young Adult Fiction (2011)",2,"San Francisco, California"
https://www.goodreads.com/book/show/714902.Noughts_Crosses,714902,Noughts & Crosses,Malorie Blackman,3960,46,4.23,4067,54607,479,2001,True,"Young Adult, Romance, Fiction, Science Fiction, Dystopia, Science Fiction, Fantasy, Contemporary, Race, Young Adult, Teen, Childrens","FCBG Children’s Book Award (2002), Sheffields Children's Book of the Year (2002), Wirral Children’s Paperback of the Year Award (2003), Lancashire Children’s Book of the Year Award (2002), North East Teenage Book Award Nominee (2002), Premio El Templo de las Mil Puertas Nominee for Mejor novela extranjera independiente (2009)",6,
https://www.goodreads.com/book/show/285205.Blood_Bound,285205,Blood Bound,Patricia Briggs,3954,59,4.3,4131,115234,292,2007,True,"Fantasy, Urban Fantasy, Fantasy, Fantasy, Paranormal, Paranormal, Vampires, Romance, Shapeshifters, Werewolves, Romance, Paranormal Romance, Paranormal, Shapeshifters, Fiction, Fantasy, Supernatural",,0,"United States of America, Washington (state), Tri-Cities, Washington"
https://www.goodreads.com/book/show/38210.The_Art_of_Happiness,38210,The Art of Happiness,Dalai Lama XIV,3952,61,4.15,2718,98527,336,1998,False,"Nonfiction, Philosophy, Spirituality, Self Help, Religion, Buddhism, Psychology, Religion, Self Help, Personal Development, Inspirational, Biography",,0,
https://www.goodreads.com/book/show/40603587-the-last-wish,40603587,The Last Wish,Andrzej Sapkowski,3951,44,4.12,14664,218613,360,1993,True,"Fantasy, Fiction, Short Stories, Audiobook, Fantasy, High Fantasy, Fantasy, Magic, Adult, Adventure, European Literature, Polish Literature, Fantasy, Epic Fantasy","Premio Ignotus for Mejor antología (2003), Tähtifantasia Award (2011)",2,
https://www.goodreads.com/book/show/37380.The_Heart_Is_a_Lonely_Hunter,37380,The Heart Is a Lonely Hunter,Carson McCullers,3947,49,3.98,6631,95416,359,1940,False,"Fiction, Classics, Literature, Novels, American, Southern, Literature, American, Literary Fiction, Historical, Historical Fiction, Gothic, Southern Gothic, Young Adult, Coming Of Age",,0,
https://www.goodreads.com/book/show/35642518-for-the-love-of-armin,35642518,For the Love of Armin,Michael G. Kramer,3946,43,4.32,29,1488,325,2015,False,"Fiction, Adventure, Novels, Historical, Historical Fiction, New Adult, Adult, Young Adult, Historical, Romance, Love Story, Romance",,0,
https://www.goodreads.com/book/show/6479550-magic-bleeds,6479550,Magic Bleeds,Ilona Andrews,3945,50,4.44,3320,74042,349,2010,True,"Fantasy, Urban Fantasy, Fantasy, Fantasy, Paranormal, Romance, Fantasy, Magic, Paranormal, Vampires, Romance, Paranormal Romance, Paranormal, Shapeshifters, Adult, Shapeshifters, Werewolves","Romantic Times Reviewers' Choice Award (RT Award) for Urban Fantasy (2010), DABWAHA Romance Tournament Nominee for Best Paranormal/Science Fiction/Fantasy Reader Nominee (2011), Goodreads Choice Award Nominee for Paranormal Fantasy and for Favorite Book (2010)",3,"Atlanta, Georgia"
https://www.goodreads.com/book/show/16527.Daughter_of_Fortune,16527,Daughter of Fortune,Isabel Allende,3943,61,3.9,4162,119500,432,1998,True,"Historical, Historical Fiction, Fiction, Historical, Romance, Magical Realism, Novels, Literature, Adult, Adult Fiction, European Literature, Spanish Literature",Premio de traducción literaria Valle Inclán Nominee for Margaret Sayers Peden (2000),1,"California, Valparaíso"
https://www.goodreads.com/book/show/55525261-in-our-bones,55525261,In Our Bones,Pernell Plath Meier,3930,43,4.29,56,6293,266,2020,False,"Contemporary, Fiction, Novels, Drama, Epic",,0,Minnesota
https://www.goodreads.com/book/show/19534.The_Brothers_K,19534,The Brothers K,David James Duncan,3927,47,4.38,1848,14195,645,1992,False,"Fiction, Sports, Baseball, Historical, Historical Fiction, Sports, Sports, Novels, Literary Fiction, Literature, Family, Classics, Religion","Oregon Book Award Nominee for Fiction (Finalist) (1993), Casey Award Nominee (1992)",2,
https://www.goodreads.com/book/show/6950688-only-the-good-spy-young,6950688,Only the Good Spy Young,Ally Carter,3927,52,4.29,2543,61386,265,2010,True,"Young Adult, Mystery, Romance, Contemporary, Spy Thriller, Espionage, Fiction, Adventure, Womens Fiction, Chick Lit, Young Adult, Teen, Action",Goodreads Choice Award Nominee for Young Adult Fiction (2010),1,"Roseville, Virginia"
https://www.goodreads.com/book/show/13628209-the-boy-who-sneaks-in-my-bedroom-window,13628209,The Boy Who Sneaks in My Bedroom Window,Kirsty Moseley,3923,43,3.9,5054,66542,256,2011,True,"Romance, Young Adult, Contemporary, New Adult, Sociology, Abuse, Young Adult, High School, Romance, Contemporary Romance, Womens Fiction, Chick Lit, Young Adult, Young Adult Romance, Love",Goodreads Choice Award Nominee for Young Adult Fiction (2012),1,
https://www.goodreads.com/book/show/676737.Grendel,676737,Grendel,John Gardner,3920,58,3.69,2076,33105,174,1971,False,"Fiction, Fantasy, Classics, Academic, School, Literature, Fantasy, Mythology, Novels, Academic, Read For School, Young Adult, High School, Literary Fiction",Mythopoeic Fantasy Award Nominee (1972),1,
https://www.goodreads.com/book/show/607639.The_Beach,607639,The Beach,Alex Garland,3918,48,3.94,2882,77258,436,1996,False,"Fiction, Travel, Thriller, Adventure, Contemporary, Cultural, Asia, Novels, Classics, Literature, European Literature, British Literature",Betty Trask Award (1997),1,Thailand
https://www.goodreads.com/book/show/119829.The_Sunne_in_Splendour,119829,The Sunne in Splendour,Sharon Kay Penman,3915,48,4.37,1280,20369,936,1982,False,"Historical, Historical Fiction, Fiction, Historical, Historical, Medieval, European Literature, British Literature, Literature, 15th Century, Historical, Plantagenet, Romance, Novels, War",,0,England
https://www.goodreads.com/book/show/16181775-the-rosie-project,16181775,The Rosie Project,Graeme Simsion,3903,44,4.02,41140,472219,295,2013,True,"Fiction, Romance, Contemporary, Humor, Womens Fiction, Chick Lit, Adult, Adult Fiction, Audiobook, Book Club, Cultural, Australia","All About Romance (AAR) Annual Reader Poll for Best Novel with Strong Romantic Elements (2014), Victorian Premier's Literary Award for Unpublished Manuscript (2012), Australian Book Industry Award (ABIA) for General Fiction and for Book of the Year (2014), UC Book of the Year (2015), Goodreads Choice Award Nominee for Fiction (2013)",5,Australia
https://www.goodreads.com/book/show/9462812-die-for-me,9462812,Die for Me,Amy Plum,3899,49,3.97,4494,54434,341,2011,True,"Young Adult, Fantasy, Paranormal, Fantasy, Romance, Romance, Paranormal Romance, Horror, Zombies, Fantasy, Supernatural, Fantasy, Urban Fantasy, Fiction, Young Adult, Young Adult Paranormal",,0,Paris
https://www.goodreads.com/book/show/10611.The_Eyes_of_the_Dragon,10611,The Eyes of the Dragon,Stephen King,3899,62,3.93,4771,110452,427,1987,False,"Fantasy, Fiction, Horror, Young Adult, Adventure, Science Fiction Fantasy, Childrens, Fantasy, Dragons, Thriller, Childrens, Middle Grade",,0,
https://www.goodreads.com/book/show/38500.Women,38500,Women,Charles Bukowski,3897,49,3.84,2972,66142,291,1978,False,"Fiction, Classics, Novels, Literature, Poetry, Literature, American, Contemporary, Thriller, Humor, The United States Of America",,0,United States of America
https://www.goodreads.com/book/show/15796700-americanah,15796700,Americanah,Chimamanda Ngozi Adichie,3897,45,4.31,24674,291603,477,2013,False,"Fiction, Cultural, Africa, Contemporary, Feminism, Literary Fiction, Race, Western Africa, Nigeria, Novels, Romance, Audiobook","Chicago Tribune Heartland Prize for Fiction (2013), National Book Critics Circle Award for Fiction (2013), Women's Prize for Fiction Nominee (2014), Andrew Carnegie Medal Nominee for Fiction (Shortlist) (2014), Goodreads Choice Award Nominee for Fiction (2013), International Dublin Literary Award Nominee for Shortlist (2015)",6,"Lagos, London, England, Princeton, New Jersey, United States of America, Nigeria"
https://www.goodreads.com/book/show/17349.The_Demon_Haunted_World,17349,The Demon-Haunted World: Science as a Candle in the Dark,Carl Sagan,3894,44,4.27,2937,62022,459,1996,False,"Science, Nonfiction, Philosophy, Religion, History, Philosophy, Skepticism, Religion, Atheism, Science, Popular Science, Science, Physics, Psychology",Los Angeles Times Book Prize for Science and Technology (1996),1,
https://www.goodreads.com/book/show/30119.Where_the_Sidewalk_Ends,30119,Where the Sidewalk Ends,Shel Silverstein,3891,56,4.3,11082,1218446,176,1974,False,"Poetry, Childrens, Classics, Fiction, Humor, Young Adult, Childrens, Picture Books, Childrens, Juvenile, Childrens, Middle Grade, Fantasy","George C. Stone Center for Children's Books Recognition of Merit Award (1984), Dorothy Canfield Fisher Children's Book Award Nominee (1976), Golden Archer Award for Intermediate (1996)",3,United States of America
https://www.goodreads.com/book/show/12262741-wild,12262741,Wild: From Lost to Found on the Pacific Crest Trail,Cheryl Strayed,3890,45,4.01,41450,651688,315,2012,False,"Nonfiction, Autobiography, Memoir, Travel, Biography, Adventure, Audiobook, Biography Memoir, Biography, Autobiography, Environment, Nature, Book Club","Oregon Book Award Nominee for Creative Nonfiction (Finalist) (2013), Indies Choice Book Award for Adult Nonfiction (2013), Puddly Award for Nonfiction (2013), Goodreads Choice Award for Memoir & Autobiography (2012)",4,Oregon
https://www.goodreads.com/book/show/1166599.The_Gathering_Storm,1166599,The Gathering Storm,Robert Jordan,3889,54,4.36,3547,133746,783,2009,True,"Fantasy, Fiction, Fantasy, Epic Fantasy, Fantasy, High Fantasy, Science Fiction Fantasy, Epic, Adventure, Young Adult, Childrens, Audiobook","David Gemmell Legend Award Nominee for Best Fantasy Novel (2010), Goodreads Choice Award Nominee for Fantasy (2009)",2,
https://www.goodreads.com/book/show/28954189-scythe,28954189,Scythe,Neal Shusterman,3876,43,4.32,25207,164673,435,2016,True,"Young Adult, Fantasy, Science Fiction, Dystopia, Science Fiction, Fiction, Audiobook, Young Adult, Young Adult Fantasy, Romance, Young Adult, Teen, Death","Grand Prix de l'Imaginaire Nominee for Roman jeunesse étranger (2018) (2019), Michael L. Printz Award Nominee (2017), South Carolina Book Award Nominee for Young Adult (2019), Rhode Island Teen Book Award (2018), Lincoln Award Nominee (2019), Goodreads Choice Award Nominee for Young Adult Fantasy & Science Fiction (2017), Missouri Gateway Readers Award Nominee (2018), Premio El Templo de las Mil Puertas Nominee for Mejor novela extranjera perteneciente a saga (2017), Rebecca Caudill Young Readers' Book Award Nominee (2020)",9,
https://www.goodreads.com/book/show/3690.The_Power_and_the_Glory,3690,The Power and the Glory,Graham Greene,3875,57,3.96,2241,35508,222,1940,False,"Fiction, Classics, Literature, Historical, Historical Fiction, Religion, Novels, European Literature, British Literature, Literary Fiction, Christianity, Catholic, Literature, 20th Century",Hawthornden Prize (1941),1,Mexico
https://www.goodreads.com/book/show/13158800-the-light-between-oceans,13158800,The Light Between Oceans,M.L. Stedman,3869,46,4.03,35315,412883,362,2012,False,"Fiction, Historical, Historical Fiction, Cultural, Australia, Historical, Book Club, Romance, Adult Fiction, Adult, Audiobook, Drama","Australian Independent Booksellers Indie Book Award for Book of the Year & Debut Fiction (2013), Australian Book Industry Award (ABIA) for Literary Fiction, for Newcomer, and for Book of the Year (2013), Women's Prize for Fiction Nominee for Longlist (2013), Goodreads Choice Award for Historical Fiction (2012), HWA Debut Crown (2013)",7,Australia
https://www.goodreads.com/book/show/3128411-bone-crossed,3128411,Bone Crossed,Patricia Briggs,3861,55,4.33,3119,99470,300,2009,True,"Fantasy, Urban Fantasy, Fantasy, Fantasy, Paranormal, Paranormal, Vampires, Romance, Shapeshifters, Werewolves, Romance, Paranormal Romance, Paranormal, Shapeshifters, Fiction, Fantasy, Supernatural","Romantic Times Reviewers' Choice Award (RT Award) for Urban Fantasy (2009), P.E.A.R.L. (Paranormal Excellence Award for Romantic Literature) for Best Urban Fantasy Romance (2009), Goodreads Choice Award Nominee for Fantasy (2009)",3,"United States of America, Washington (state), Tri-Cities, Washington, Spokane, Washington"
https://www.goodreads.com/book/show/6138.The_Moonstone,6138,The Moonstone,Wilkie Collins,3861,59,3.9,4708,84023,528,1868,False,"Classics, Mystery, Fiction, Mystery, Crime, Historical, Victorian, Literature, 19th Century, Historical, Historical Fiction, Thriller, Mystery Thriller, Literature, European Literature, British Literature",CWA Best Ever Nominee for Crime Novel (2013),1,"United Kingdom, England, Kathiawar"
https://www.goodreads.com/book/show/25300956-royal-assassin,25300956,Royal Assassin,Robin Hobb,3854,47,4.22,5038,158583,675,1996,True,"Fantasy, Fiction, Fantasy, Epic Fantasy, Fantasy, High Fantasy, Adventure, Science Fiction Fantasy, Fantasy, Magic, Young Adult, Audiobook, Adult",Locus Award Nominee for Best Fantasy Novel (1997),1,
https://www.goodreads.com/book/show/13089710-the-kill-order,13089710,The Kill Order,James Dashner,3843,50,3.71,10001,172648,327,2012,True,"Young Adult, Science Fiction, Dystopia, Science Fiction, Fiction, Fantasy, Apocalyptic, Post Apocalyptic, Adventure, Audiobook, Young Adult, Teen, Action",,0,"North Carolina, New York City, New York"
https://www.goodreads.com/book/show/61666.Contact,61666,Contact,Carl Sagan,3843,59,4.13,3392,129201,580,1985,False,"Science Fiction, Fiction, Science Fiction Fantasy, Classics, Space, Novels, Fantasy, Audiobook, Science Fiction, Aliens, Speculative Fiction",Locus Award for Best First Novel (1986),1,"Wyoming, New Mexico, Washington, D.C., Paris"
https://www.goodreads.com/book/show/20758105-monsters-of-men,20758105,Monsters of Men,Patrick Ness,3831,44,4.22,6846,73544,643,2010,True,"Young Adult, Science Fiction, Science Fiction, Dystopia, Fantasy, Fiction, Adventure, War, Romance, Young Adult, Teen, Science Fiction, Aliens","Arthur C. Clarke Award Nominee (2011), Teen Buckeye Book Award Nominee (2012), Goodreads Choice Award Nominee for Young Adult Fantasy (2010), Carnegie Medal (2011)",4,
https://www.goodreads.com/book/show/28251.The_High_Lord,28251,The High Lord,Trudi Canavan,3830,48,4.11,1631,55286,644,2002,True,"Fantasy, Young Adult, Fantasy, Magic, Fiction, Fantasy, High Fantasy, Romance, Fantasy, Epic Fantasy, Adventure, Childrens, Childrens, Middle Grade",Ditmar Award Nominee for Best Novel (2004),1,Kyralia
https://www.goodreads.com/book/show/18126198-four,18126198,Four: A Divergent Story Collection,Veronica Roth,3825,50,4.02,11194,172292,208,2014,True,"Young Adult, Science Fiction, Dystopia, Fiction, Science Fiction, Fantasy, Short Stories, Romance, Novella, Audiobook, Adventure",Goodreads Choice Award Nominee for Young Adult Fantasy & Science Fiction (2014),1,"Chicago, Illinois"
https://www.goodreads.com/book/show/9822.Mrs_Frisby_and_the_Rats_of_NIMH,9822,Mrs. Frisby and the Rats of NIMH,Robert C. O'Brien,3815,63,4.14,3741,167194,240,1971,True,"Fantasy, Childrens, Fiction, Young Adult, Classics, Animals, Childrens, Middle Grade, Adventure, Science Fiction, Childrens, Juvenile","Newbery Medal (1972), Lewis Carroll Shelf Award (1972), Massachusetts Children's Book Award (1978), Dorothy Canfield Fisher Children's Book Award Nominee (1973), Pacific Northwest Library Association Young Reader's Choice Award (1974), Boston Globe-Horn Book Award Nominee for Fiction (1971), California Young Readers Medal Nominee for Intermediate (1975), William Allen White Children's Book Award (1974), Bluestem Book Award Nominee (2017)",9,
https://www.goodreads.com/book/show/41742807-archibald-finch-and-the-lost-witches,41742807,Archibald Finch and the Lost Witches,Michel Guyon,3812,39,4.24,58,275,350,2018,False,"Fantasy, Childrens, Middle Grade, Childrens, Fiction",,0,
https://www.goodreads.com/book/show/1829709.The_Final_Warning,1829709,The Final Warning,James Patterson,3807,54,3.86,2661,66298,256,2008,True,"Young Adult, Fantasy, Science Fiction, Fiction, Adventure, Fantasy, Paranormal, Romance, Young Adult, Teen, Action, Childrens",,0,Antarctica
https://www.goodreads.com/book/show/16243767-crossing-the-seas,16243767,Crossing the Seas: A Diary of My Thoughts,Yuehai Xiao,3797,38,3.45,34,2774,328,2012,False,"Nonfiction, Contemporary",,0,
https://www.goodreads.com/book/show/822989.My_Story,822989,"My Story: ""A Child Called It"", ""The Lost Boy"", ""A Man Named Dave""",Dave Pelzer,3785,57,4.18,681,11697,437,1995,False,"Nonfiction, Biography, Autobiography, Memoir, True Story, Biography, Autobiography, Psychology, Sociology, Abuse, Biography Memoir, Adult, Mystery, Crime",,0,"California, Daly City, California"
https://www.goodreads.com/book/show/420404.Yertle_the_Turtle_and_Other_Stories,420404,Yertle the Turtle and Other Stories,Dr. Seuss,3783,63,4.13,626,33869,96,1958,False,"Childrens, Childrens, Picture Books, Fiction, Classics, Poetry, Humor, Fantasy, Animals, Kids, Childrens, Juvenile",,0,
https://www.goodreads.com/book/show/5367.The_Great_Book_of_Amber,5367,The Great Book of Amber,Roger Zelazny,3783,47,4.31,926,24394,1258,1999,True,"Fantasy, Fiction, Science Fiction, Science Fiction Fantasy, Fantasy, Epic Fantasy, Fantasy, High Fantasy, Epic, Fantasy, Urban Fantasy, Speculative Fiction, Adventure",,0,
https://www.goodreads.com/book/show/34494.The_Wee_Free_Men,34494,The Wee Free Men,Terry Pratchett,3783,53,4.25,4455,99816,375,2003,True,"Fantasy, Young Adult, Fiction, Humor, Childrens, Adventure, Childrens, Middle Grade, Humor, Comedy, Science Fiction Fantasy, Fantasy, Magic","Locus Award for Best Young Adult Novel (2004), Mythopoeic Fantasy Award Nominee for Children's Literature (2004) (2016), Rhode Island Teen Book Award Nominee (2006), Parenting Book of the Year Award (2003), WH Smith Teen Choice Award (2003), Margaret A. Edwards Award (2011)",6,"Discworld, The Chalk"
https://www.goodreads.com/book/show/6431790-fang,6431790,Fang,James Patterson,3782,53,4.06,2673,56978,309,2010,True,"Young Adult, Fantasy, Science Fiction, Fiction, Adventure, Romance, Fantasy, Paranormal, Action, Young Adult, Teen, Paranormal, Angels","Children's Choice Book Award Nominee for Teen Choice Book of the Year (2011), Goodreads Choice Award Nominee for Goodreads Author, Young Adult Fantasy (2010)",3,"Las Vegas, Nevada, Nevada"
https://www.goodreads.com/book/show/8492319-lover-unleashed,8492319,Lover Unleashed,J.R. Ward,3781,56,4.27,4122,87019,512,2011,True,"Fantasy, Paranormal, Romance, Paranormal Romance, Romance, Paranormal, Vampires, Fantasy, Fantasy, Urban Fantasy, Adult, Fiction, Adult Fiction, Erotica, Fantasy, Supernatural","All About Romance (AAR) Annual Reader Poll for Guiltiest Pleasure AND Most Disappointing Romance (2012), Romantic Times Reviewers' Choice Award (RT Award) for Vampire Romance (2011), The Romance Reviews (TRR) Award for Best Paranormal Romance AND Best Paranormal Vampire Romance (2011), Goodreads Choice Award for Romance (2011)",4,"Caldwell, New York"
https://www.goodreads.com/book/show/4271.About_a_Boy,4271,About a Boy,Nick Hornby,3777,59,3.79,3387,129133,307,1998,False,"Fiction, Contemporary, Humor, Novels, European Literature, British Literature, Adult, Adult Fiction, Humor, Comedy, Literature, Young Adult, Coming Of Age",,0,
